
D:\delete_me\Arty-SoC\Listings\Build\BenchMarks.elf:     file format elf32-littleriscv


Disassembly of section .text:

00000000 <_start>:
       0:	00020137          	lui	sp,0x20
       4:	00010113          	mv	sp,sp
       8:	00003537          	lui	a0,0x3
       c:	5d450513          	addi	a0,a0,1492 # 35d4 <bram_buf>
      10:	000045b7          	lui	a1,0x4
      14:	1d458593          	addi	a1,a1,468 # 41d4 <sink>

00000018 <clear_bss>:
      18:	00b50863          	beq	a0,a1,28 <bss_done>
      1c:	00052023          	sw	zero,0(a0)
      20:	00450513          	addi	a0,a0,4
      24:	ff5ff06f          	j	18 <clear_bss>

00000028 <bss_done>:
      28:	064020ef          	jal	208c <heap_init>
      2c:	008000ef          	jal	34 <main>

00000030 <_halt>:
      30:	0000006f          	j	30 <_halt>

00000034 <main>:
#include ".\Libs\bench.h"

int main(void) {
      34:	ff010113          	addi	sp,sp,-16 # 1fff0 <nblocks+0x1be10>
      38:	00112623          	sw	ra,12(sp)
	run_benchmarks();
      3c:	3f8000ef          	jal	434 <run_benchmarks>
	return 0;
}
      40:	00c12083          	lw	ra,12(sp)
      44:	00000513          	li	a0,0
      48:	01010113          	addi	sp,sp,16
      4c:	00008067          	ret

00000050 <fib>:
/* ------------------------------------------------------------------------ */
/* higher level workloads                                                    */
/* ------------------------------------------------------------------------ */

static unsigned int fib(unsigned int n)
{
      50:	f8010113          	addi	sp,sp,-128
      54:	07612023          	sw	s6,96(sp)
      58:	05712e23          	sw	s7,92(sp)
      5c:	06112e23          	sw	ra,124(sp)
    if (n < 2u) { return n; }
      60:	00100b13          	li	s6,1
{
      64:	00050b93          	mv	s7,a0
    if (n < 2u) { return n; }
      68:	3b650a63          	beq	a0,s6,41c <fib+0x3cc>
      6c:	fff50793          	addi	a5,a0,-1
      70:	ffe7f713          	andi	a4,a5,-2
      74:	06812c23          	sw	s0,120(sp)
      78:	06912a23          	sw	s1,116(sp)
      7c:	05912a23          	sw	s9,84(sp)
      80:	40e504b3          	sub	s1,a0,a4
      84:	00000413          	li	s0,0
    return fib(n - 1u) + fib(n - 2u);
      88:	00078c93          	mv	s9,a5
    if (n < 2u) { return n; }
      8c:	389b8063          	beq	s7,s1,40c <fib+0x3bc>
      90:	ffeb8b93          	addi	s7,s7,-2
      94:	ffebf793          	andi	a5,s7,-2
      98:	07312623          	sw	s3,108(sp)
      9c:	05a12823          	sw	s10,80(sp)
      a0:	07212823          	sw	s2,112(sp)
      a4:	07412423          	sw	s4,104(sp)
      a8:	07512223          	sw	s5,100(sp)
      ac:	05812c23          	sw	s8,88(sp)
      b0:	05b12623          	sw	s11,76(sp)
      b4:	40fc8d33          	sub	s10,s9,a5
      b8:	00000993          	li	s3,0
    return fib(n - 1u) + fib(n - 2u);
      bc:	fffc8a93          	addi	s5,s9,-1
    if (n < 2u) { return n; }
      c0:	31ac8c63          	beq	s9,s10,3d8 <fib+0x388>
      c4:	ffec8c93          	addi	s9,s9,-2
      c8:	ffecf793          	andi	a5,s9,-2
      cc:	000b8713          	mv	a4,s7
      d0:	00000913          	li	s2,0
      d4:	40fa8a33          	sub	s4,s5,a5
      d8:	00040693          	mv	a3,s0
      dc:	000c8b93          	mv	s7,s9
    return fib(n - 1u) + fib(n - 2u);
      e0:	fffa8d93          	addi	s11,s5,-1
    if (n < 2u) { return n; }
      e4:	294a8663          	beq	s5,s4,370 <fib+0x320>
      e8:	ffea8a93          	addi	s5,s5,-2
      ec:	ffeaf793          	andi	a5,s5,-2
      f0:	40fd8633          	sub	a2,s11,a5
      f4:	00068593          	mv	a1,a3
      f8:	000d0793          	mv	a5,s10
      fc:	00070693          	mv	a3,a4
     100:	00000c93          	li	s9,0
     104:	00048d13          	mv	s10,s1
     108:	000a0713          	mv	a4,s4
    return fib(n - 1u) + fib(n - 2u);
     10c:	fffd8413          	addi	s0,s11,-1
    if (n < 2u) { return n; }
     110:	22cd8663          	beq	s11,a2,33c <fib+0x2ec>
     114:	ffed8d93          	addi	s11,s11,-2
     118:	ffedfa13          	andi	s4,s11,-2
     11c:	41440a33          	sub	s4,s0,s4
     120:	00058e13          	mv	t3,a1
     124:	000d8813          	mv	a6,s11
     128:	000d0893          	mv	a7,s10
     12c:	00078313          	mv	t1,a5
     130:	00098d13          	mv	s10,s3
     134:	000a8593          	mv	a1,s5
     138:	00040993          	mv	s3,s0
     13c:	000c8d93          	mv	s11,s9
     140:	00000413          	li	s0,0
     144:	000b8793          	mv	a5,s7
    return fib(n - 1u) + fib(n - 2u);
     148:	fff98c13          	addi	s8,s3,-1
    if (n < 2u) { return n; }
     14c:	1d498463          	beq	s3,s4,314 <fib+0x2c4>
     150:	ffe98993          	addi	s3,s3,-2
     154:	ffe9fb93          	andi	s7,s3,-2
     158:	00000a93          	li	s5,0
     15c:	417c02b3          	sub	t0,s8,s7
    return fib(n - 1u) + fib(n - 2u);
     160:	fffc0493          	addi	s1,s8,-1
    if (n < 2u) { return n; }
     164:	105c0c63          	beq	s8,t0,27c <fib+0x22c>
     168:	ffec0c13          	addi	s8,s8,-2
     16c:	ffec7513          	andi	a0,s8,-2
     170:	40a483b3          	sub	t2,s1,a0
     174:	00000f13          	li	t5,0
    return fib(n - 1u) + fib(n - 2u);
     178:	fff48b93          	addi	s7,s1,-1
    if (n < 2u) { return n; }
     17c:	14748e63          	beq	s1,t2,2d8 <fib+0x288>
     180:	ffe48493          	addi	s1,s1,-2
     184:	ffe4f513          	andi	a0,s1,-2
     188:	40ab8533          	sub	a0,s7,a0
     18c:	01c12223          	sw	t3,4(sp)
     190:	000a0f93          	mv	t6,s4
     194:	00a12023          	sw	a0,0(sp)
     198:	00098a13          	mv	s4,s3
     19c:	00000c93          	li	s9,0
     1a0:	00048e13          	mv	t3,s1
     1a4:	00040993          	mv	s3,s0
     1a8:	00012503          	lw	a0,0(sp)
    return fib(n - 1u) + fib(n - 2u);
     1ac:	fffb8e93          	addi	t4,s7,-1
    if (n < 2u) { return n; }
     1b0:	12ab8e63          	beq	s7,a0,2ec <fib+0x29c>
     1b4:	000e8493          	mv	s1,t4
     1b8:	00000413          	li	s0,0
    return fib(n - 1u) + fib(n - 2u);
     1bc:	fff48513          	addi	a0,s1,-1
     1c0:	02d12e23          	sw	a3,60(sp)
     1c4:	02712c23          	sw	t2,56(sp)
     1c8:	02512a23          	sw	t0,52(sp)
     1cc:	03f12823          	sw	t6,48(sp)
     1d0:	02c12623          	sw	a2,44(sp)
     1d4:	02e12423          	sw	a4,40(sp)
     1d8:	02612223          	sw	t1,36(sp)
     1dc:	03112023          	sw	a7,32(sp)
     1e0:	01c12e23          	sw	t3,28(sp)
     1e4:	01012c23          	sw	a6,24(sp)
     1e8:	00b12a23          	sw	a1,20(sp)
     1ec:	00f12823          	sw	a5,16(sp)
     1f0:	01d12623          	sw	t4,12(sp)
     1f4:	01e12423          	sw	t5,8(sp)
     1f8:	ffe48493          	addi	s1,s1,-2
     1fc:	e55ff0ef          	jal	50 <fib>
    if (n < 2u) { return n; }
     200:	00812f03          	lw	t5,8(sp)
     204:	00c12e83          	lw	t4,12(sp)
     208:	01012783          	lw	a5,16(sp)
     20c:	01412583          	lw	a1,20(sp)
     210:	01812803          	lw	a6,24(sp)
     214:	01c12e03          	lw	t3,28(sp)
     218:	02012883          	lw	a7,32(sp)
     21c:	02412303          	lw	t1,36(sp)
     220:	02812703          	lw	a4,40(sp)
     224:	02c12603          	lw	a2,44(sp)
     228:	03012f83          	lw	t6,48(sp)
     22c:	03412283          	lw	t0,52(sp)
     230:	03812383          	lw	t2,56(sp)
     234:	03c12683          	lw	a3,60(sp)
     238:	00a40433          	add	s0,s0,a0
     23c:	f89b60e3          	bltu	s6,s1,1bc <fib+0x16c>
     240:	ffdb8513          	addi	a0,s7,-3
     244:	ffec8c93          	addi	s9,s9,-2
     248:	01dc8cb3          	add	s9,s9,t4
     24c:	ffe57513          	andi	a0,a0,-2
     250:	40ac8cb3          	sub	s9,s9,a0
    return fib(n - 1u) + fib(n - 2u);
     254:	ffeb8b93          	addi	s7,s7,-2
     258:	01940cb3          	add	s9,s0,s9
    if (n < 2u) { return n; }
     25c:	f56b96e3          	bne	s7,s6,1a8 <fib+0x158>
     260:	00098413          	mv	s0,s3
     264:	000e0493          	mv	s1,t3
     268:	000a0993          	mv	s3,s4
     26c:	00412e03          	lw	t3,4(sp)
     270:	000f8a13          	mv	s4,t6
     274:	001c8e93          	addi	t4,s9,1
     278:	08c0006f          	j	304 <fib+0x2b4>
     27c:	015484b3          	add	s1,s1,s5
     280:	00940433          	add	s0,s0,s1
     284:	ed3b62e3          	bltu	s6,s3,148 <fib+0xf8>
     288:	00040493          	mv	s1,s0
     28c:	00098413          	mv	s0,s3
     290:	000d8c93          	mv	s9,s11
     294:	00078b93          	mv	s7,a5
     298:	00058a93          	mv	s5,a1
     29c:	000d0993          	mv	s3,s10
     2a0:	000e0593          	mv	a1,t3
     2a4:	00080d93          	mv	s11,a6
     2a8:	00088d13          	mv	s10,a7
     2ac:	00030793          	mv	a5,t1
     2b0:	00848433          	add	s0,s1,s0
     2b4:	008c8cb3          	add	s9,s9,s0
     2b8:	e5bb6ae3          	bltu	s6,s11,10c <fib+0xbc>
     2bc:	000d0493          	mv	s1,s10
     2c0:	00070a13          	mv	s4,a4
     2c4:	00078d13          	mv	s10,a5
     2c8:	00068713          	mv	a4,a3
     2cc:	01bc8433          	add	s0,s9,s11
     2d0:	00058693          	mv	a3,a1
     2d4:	0800006f          	j	354 <fib+0x304>
     2d8:	01eb84b3          	add	s1,s7,t5
     2dc:	009a8ab3          	add	s5,s5,s1
     2e0:	e98b60e3          	bltu	s6,s8,160 <fib+0x110>
     2e4:	018a84b3          	add	s1,s5,s8
     2e8:	f99ff06f          	j	280 <fib+0x230>
     2ec:	000e0493          	mv	s1,t3
     2f0:	00412e03          	lw	t3,4(sp)
     2f4:	00098413          	mv	s0,s3
     2f8:	019e8eb3          	add	t4,t4,s9
     2fc:	000a0993          	mv	s3,s4
     300:	000f8a13          	mv	s4,t6
     304:	01df0f33          	add	t5,t5,t4
     308:	e69b68e3          	bltu	s6,s1,178 <fib+0x128>
     30c:	009f04b3          	add	s1,t5,s1
     310:	fcdff06f          	j	2dc <fib+0x28c>
     314:	000d0993          	mv	s3,s10
     318:	000d8c93          	mv	s9,s11
     31c:	00078b93          	mv	s7,a5
     320:	00058a93          	mv	s5,a1
     324:	00080d93          	mv	s11,a6
     328:	000e0593          	mv	a1,t3
     32c:	00088d13          	mv	s10,a7
     330:	00030793          	mv	a5,t1
     334:	008c0433          	add	s0,s8,s0
     338:	f7dff06f          	j	2b4 <fib+0x264>
     33c:	000d0493          	mv	s1,s10
     340:	00070a13          	mv	s4,a4
     344:	00078d13          	mv	s10,a5
     348:	00068713          	mv	a4,a3
     34c:	01940433          	add	s0,s0,s9
     350:	00058693          	mv	a3,a1
     354:	00890933          	add	s2,s2,s0
     358:	d95b64e3          	bltu	s6,s5,e0 <fib+0x90>
     35c:	000b8c93          	mv	s9,s7
     360:	00068413          	mv	s0,a3
     364:	00070b93          	mv	s7,a4
     368:	01590ab3          	add	s5,s2,s5
     36c:	0140006f          	j	380 <fib+0x330>
     370:	000b8c93          	mv	s9,s7
     374:	00068413          	mv	s0,a3
     378:	00070b93          	mv	s7,a4
     37c:	012d8ab3          	add	s5,s11,s2
     380:	015989b3          	add	s3,s3,s5
     384:	d39b6ce3          	bltu	s6,s9,bc <fib+0x6c>
     388:	01998ab3          	add	s5,s3,s9
     38c:	01540433          	add	s0,s0,s5
     390:	057b6a63          	bltu	s6,s7,3e4 <fib+0x394>
     394:	008b8bb3          	add	s7,s7,s0
}
     398:	07c12083          	lw	ra,124(sp)
     39c:	07812403          	lw	s0,120(sp)
     3a0:	07412483          	lw	s1,116(sp)
     3a4:	07012903          	lw	s2,112(sp)
     3a8:	06c12983          	lw	s3,108(sp)
     3ac:	06812a03          	lw	s4,104(sp)
     3b0:	06412a83          	lw	s5,100(sp)
     3b4:	05812c03          	lw	s8,88(sp)
     3b8:	05412c83          	lw	s9,84(sp)
     3bc:	05012d03          	lw	s10,80(sp)
     3c0:	04c12d83          	lw	s11,76(sp)
     3c4:	06012b03          	lw	s6,96(sp)
     3c8:	000b8513          	mv	a0,s7
     3cc:	05c12b83          	lw	s7,92(sp)
     3d0:	08010113          	addi	sp,sp,128
     3d4:	00008067          	ret
    if (n < 2u) { return n; }
     3d8:	013a8ab3          	add	s5,s5,s3
     3dc:	01540433          	add	s0,s0,s5
     3e0:	fb7b7ae3          	bgeu	s6,s7,394 <fib+0x344>
     3e4:	fffb8793          	addi	a5,s7,-1
     3e8:	07012903          	lw	s2,112(sp)
     3ec:	06c12983          	lw	s3,108(sp)
     3f0:	06812a03          	lw	s4,104(sp)
     3f4:	06412a83          	lw	s5,100(sp)
     3f8:	05812c03          	lw	s8,88(sp)
     3fc:	05012d03          	lw	s10,80(sp)
     400:	04c12d83          	lw	s11,76(sp)
    return fib(n - 1u) + fib(n - 2u);
     404:	00078c93          	mv	s9,a5
    if (n < 2u) { return n; }
     408:	c89b94e3          	bne	s7,s1,90 <fib+0x40>
     40c:	00878bb3          	add	s7,a5,s0
     410:	07412483          	lw	s1,116(sp)
     414:	07812403          	lw	s0,120(sp)
     418:	05412c83          	lw	s9,84(sp)
}
     41c:	07c12083          	lw	ra,124(sp)
     420:	06012b03          	lw	s6,96(sp)
     424:	000b8513          	mv	a0,s7
     428:	05c12b83          	lw	s7,92(sp)
     42c:	08010113          	addi	sp,sp,128
     430:	00008067          	ret

00000434 <run_benchmarks>:

void run_benchmarks(void)
{
    unsigned int t0, overhead;

    printf("\r\n==== softcore benchmarks, %u Hz ====\r\n", CLOCK_FREQ_HZ);
     434:	00003537          	lui	a0,0x3
     438:	04d7c5b7          	lui	a1,0x4d7c
{
     43c:	f8010113          	addi	sp,sp,-128
    printf("\r\n==== softcore benchmarks, %u Hz ====\r\n", CLOCK_FREQ_HZ);
     440:	6d058593          	addi	a1,a1,1744 # 4d7c6d0 <_stack_top+0x4d5c6d0>
     444:	1f050513          	addi	a0,a0,496 # 31f0 <uart_putc+0x1c>
{
     448:	06112e23          	sw	ra,124(sp)
     44c:	07412423          	sw	s4,104(sp)
     450:	06812c23          	sw	s0,120(sp)
     454:	06912a23          	sw	s1,116(sp)
     458:	07212823          	sw	s2,112(sp)
     45c:	07312623          	sw	s3,108(sp)
     460:	07512223          	sw	s5,100(sp)
     464:	07612023          	sw	s6,96(sp)
     468:	05712e23          	sw	s7,92(sp)
    printf("\r\n==== softcore benchmarks, %u Hz ====\r\n", CLOCK_FREQ_HZ);
     46c:	491020ef          	jal	30fc <printf>
    *((volatile unsigned int*)addr) = value;
}

// Read from memory-mapped register
static inline unsigned int read_reg(unsigned int addr) {
    return *((volatile unsigned int*)addr);
     470:	800007b7          	lui	a5,0x80000
     474:	0007a703          	lw	a4,0(a5) # 80000000 <_heap_end+0x30000000>
     478:	0007a583          	lw	a1,0(a5)

    /* how much does one timer read plus loop control cost? Informational only,
     * the MICRO macro cancels it by differencing. */
    t0 = read_timer();
    overhead = elapsed_cycles(t0);
    printf("timer read overhead: %u cycles\r\n\r\n", overhead);
     47c:	00003537          	lui	a0,0x3
     480:	21c50513          	addi	a0,a0,540 # 321c <uart_putc+0x48>
     484:	40e585b3          	sub	a1,a1,a4
     488:	475020ef          	jal	30fc <printf>

    ddr_buf = (unsigned int *)malloc(64u * 1024u);
     48c:	00010537          	lui	a0,0x10
     490:	441010ef          	jal	20d0 <malloc>
     494:	00004a37          	lui	s4,0x4
     498:	1caa2c23          	sw	a0,472(s4) # 41d8 <ddr_buf>
    if (ddr_buf == 0) { printf("WARNING: DDR alloc failed\r\n"); }
     49c:	00051463          	bnez	a0,4a4 <run_benchmarks+0x70>
     4a0:	3c90106f          	j	2068 <run_benchmarks+0x1c34>
    printf("ALU and control flow\r\n");
     4a4:	00003537          	lui	a0,0x3
     4a8:	25c50513          	addi	a0,a0,604 # 325c <uart_putc+0x88>
     4ac:	451020ef          	jal	30fc <printf>
     4b0:	800007b7          	lui	a5,0x80000
     4b4:	0007a603          	lw	a2,0(a5) # 80000000 <_heap_end+0x30000000>
    register unsigned int a = 1, b = 2, c = 3, d = 4;
     4b8:	00100413          	li	s0,1
     4bc:	10000793          	li	a5,256
    MICRO1("dependent addi", "addi %0, %0, 1", "+r"(a));
     4c0:	00140413          	addi	s0,s0,1
     4c4:	00140413          	addi	s0,s0,1
     4c8:	00140413          	addi	s0,s0,1
     4cc:	00140413          	addi	s0,s0,1
     4d0:	00140413          	addi	s0,s0,1
     4d4:	00140413          	addi	s0,s0,1
     4d8:	00140413          	addi	s0,s0,1
     4dc:	00140413          	addi	s0,s0,1
     4e0:	00140413          	addi	s0,s0,1
     4e4:	00140413          	addi	s0,s0,1
     4e8:	00140413          	addi	s0,s0,1
     4ec:	00140413          	addi	s0,s0,1
     4f0:	00140413          	addi	s0,s0,1
     4f4:	00140413          	addi	s0,s0,1
     4f8:	00140413          	addi	s0,s0,1
     4fc:	00140413          	addi	s0,s0,1
     500:	fff78793          	addi	a5,a5,-1
     504:	fa079ee3          	bnez	a5,4c0 <run_benchmarks+0x8c>
     508:	800007b7          	lui	a5,0x80000
     50c:	0007a703          	lw	a4,0(a5) # 80000000 <_heap_end+0x30000000>
     510:	0007a683          	lw	a3,0(a5)
     514:	10000793          	li	a5,256
     518:	00140413          	addi	s0,s0,1
     51c:	00140413          	addi	s0,s0,1
     520:	00140413          	addi	s0,s0,1
     524:	00140413          	addi	s0,s0,1
     528:	00140413          	addi	s0,s0,1
     52c:	00140413          	addi	s0,s0,1
     530:	00140413          	addi	s0,s0,1
     534:	00140413          	addi	s0,s0,1
     538:	00140413          	addi	s0,s0,1
     53c:	00140413          	addi	s0,s0,1
     540:	00140413          	addi	s0,s0,1
     544:	00140413          	addi	s0,s0,1
     548:	00140413          	addi	s0,s0,1
     54c:	00140413          	addi	s0,s0,1
     550:	00140413          	addi	s0,s0,1
     554:	00140413          	addi	s0,s0,1
     558:	00140413          	addi	s0,s0,1
     55c:	00140413          	addi	s0,s0,1
     560:	00140413          	addi	s0,s0,1
     564:	00140413          	addi	s0,s0,1
     568:	00140413          	addi	s0,s0,1
     56c:	00140413          	addi	s0,s0,1
     570:	00140413          	addi	s0,s0,1
     574:	00140413          	addi	s0,s0,1
     578:	00140413          	addi	s0,s0,1
     57c:	00140413          	addi	s0,s0,1
     580:	00140413          	addi	s0,s0,1
     584:	00140413          	addi	s0,s0,1
     588:	00140413          	addi	s0,s0,1
     58c:	00140413          	addi	s0,s0,1
     590:	00140413          	addi	s0,s0,1
     594:	00140413          	addi	s0,s0,1
     598:	00140413          	addi	s0,s0,1
     59c:	00140413          	addi	s0,s0,1
     5a0:	00140413          	addi	s0,s0,1
     5a4:	00140413          	addi	s0,s0,1
     5a8:	00140413          	addi	s0,s0,1
     5ac:	00140413          	addi	s0,s0,1
     5b0:	00140413          	addi	s0,s0,1
     5b4:	00140413          	addi	s0,s0,1
     5b8:	00140413          	addi	s0,s0,1
     5bc:	00140413          	addi	s0,s0,1
     5c0:	00140413          	addi	s0,s0,1
     5c4:	00140413          	addi	s0,s0,1
     5c8:	00140413          	addi	s0,s0,1
     5cc:	00140413          	addi	s0,s0,1
     5d0:	00140413          	addi	s0,s0,1
     5d4:	00140413          	addi	s0,s0,1
     5d8:	fff78793          	addi	a5,a5,-1
     5dc:	f2079ee3          	bnez	a5,518 <run_benchmarks+0xe4>
     5e0:	800004b7          	lui	s1,0x80000
     5e4:	0004a783          	lw	a5,0(s1) # 80000000 <_heap_end+0x30000000>
    hundredths = (cycles * 100u + ops / 2u) / ops;
     5e8:	06400813          	li	a6,100
     5ec:	000018b7          	lui	a7,0x1
    MICRO1("dependent addi", "addi %0, %0, 1", "+r"(a));
     5f0:	00f60633          	add	a2,a2,a5
     5f4:	40d60633          	sub	a2,a2,a3
     5f8:	40e60633          	sub	a2,a2,a4
    hundredths = (cycles * 100u + ops / 2u) / ops;
     5fc:	030607b3          	mul	a5,a2,a6
    printf("  %-26s %8u cyc  %7u ops  %3u.%02u cyc/op\r\n",
     600:	51eb8737          	lui	a4,0x51eb8
     604:	51f70713          	addi	a4,a4,1311 # 51eb851f <_heap_end+0x1eb851f>
     608:	000035b7          	lui	a1,0x3
     60c:	000039b7          	lui	s3,0x3
     610:	27458593          	addi	a1,a1,628 # 3274 <uart_putc+0xa0>
     614:	000026b7          	lui	a3,0x2
     618:	28498513          	addi	a0,s3,644 # 3284 <uart_putc+0xb0>
    hundredths = (cycles * 100u + ops / 2u) / ops;
     61c:	011787b3          	add	a5,a5,a7
     620:	00d7d793          	srli	a5,a5,0xd
    printf("  %-26s %8u cyc  %7u ops  %3u.%02u cyc/op\r\n",
     624:	02e7b733          	mulhu	a4,a5,a4
     628:	00575713          	srli	a4,a4,0x5
     62c:	03070833          	mul	a6,a4,a6
     630:	410787b3          	sub	a5,a5,a6
     634:	2c9020ef          	jal	30fc <printf>
     638:	0004a583          	lw	a1,0(s1)
     63c:	10000613          	li	a2,256
    register unsigned int a = 1, b = 2, c = 3, d = 4;
     640:	00400693          	li	a3,4
     644:	00300713          	li	a4,3
     648:	00200793          	li	a5,2
    MICRO4("independent addi x4",
     64c:	00140413          	addi	s0,s0,1
     650:	00178793          	addi	a5,a5,1
     654:	00170713          	addi	a4,a4,1
     658:	00168693          	addi	a3,a3,1 # 2001 <run_benchmarks+0x1bcd>
     65c:	00140413          	addi	s0,s0,1
     660:	00178793          	addi	a5,a5,1
     664:	00170713          	addi	a4,a4,1
     668:	00168693          	addi	a3,a3,1
     66c:	00140413          	addi	s0,s0,1
     670:	00178793          	addi	a5,a5,1
     674:	00170713          	addi	a4,a4,1
     678:	00168693          	addi	a3,a3,1
     67c:	00140413          	addi	s0,s0,1
     680:	00178793          	addi	a5,a5,1
     684:	00170713          	addi	a4,a4,1
     688:	00168693          	addi	a3,a3,1
     68c:	00140413          	addi	s0,s0,1
     690:	00178793          	addi	a5,a5,1
     694:	00170713          	addi	a4,a4,1
     698:	00168693          	addi	a3,a3,1
     69c:	00140413          	addi	s0,s0,1
     6a0:	00178793          	addi	a5,a5,1
     6a4:	00170713          	addi	a4,a4,1
     6a8:	00168693          	addi	a3,a3,1
     6ac:	00140413          	addi	s0,s0,1
     6b0:	00178793          	addi	a5,a5,1
     6b4:	00170713          	addi	a4,a4,1
     6b8:	00168693          	addi	a3,a3,1
     6bc:	00140413          	addi	s0,s0,1
     6c0:	00178793          	addi	a5,a5,1
     6c4:	00170713          	addi	a4,a4,1
     6c8:	00168693          	addi	a3,a3,1
     6cc:	00140413          	addi	s0,s0,1
     6d0:	00178793          	addi	a5,a5,1
     6d4:	00170713          	addi	a4,a4,1
     6d8:	00168693          	addi	a3,a3,1
     6dc:	00140413          	addi	s0,s0,1
     6e0:	00178793          	addi	a5,a5,1
     6e4:	00170713          	addi	a4,a4,1
     6e8:	00168693          	addi	a3,a3,1
     6ec:	00140413          	addi	s0,s0,1
     6f0:	00178793          	addi	a5,a5,1
     6f4:	00170713          	addi	a4,a4,1
     6f8:	00168693          	addi	a3,a3,1
     6fc:	00140413          	addi	s0,s0,1
     700:	00178793          	addi	a5,a5,1
     704:	00170713          	addi	a4,a4,1
     708:	00168693          	addi	a3,a3,1
     70c:	00140413          	addi	s0,s0,1
     710:	00178793          	addi	a5,a5,1
     714:	00170713          	addi	a4,a4,1
     718:	00168693          	addi	a3,a3,1
     71c:	00140413          	addi	s0,s0,1
     720:	00178793          	addi	a5,a5,1
     724:	00170713          	addi	a4,a4,1
     728:	00168693          	addi	a3,a3,1
     72c:	00140413          	addi	s0,s0,1
     730:	00178793          	addi	a5,a5,1
     734:	00170713          	addi	a4,a4,1
     738:	00168693          	addi	a3,a3,1
     73c:	00140413          	addi	s0,s0,1
     740:	00178793          	addi	a5,a5,1
     744:	00170713          	addi	a4,a4,1
     748:	00168693          	addi	a3,a3,1
     74c:	fff60613          	addi	a2,a2,-1
     750:	ee061ee3          	bnez	a2,64c <run_benchmarks+0x218>
     754:	80000637          	lui	a2,0x80000
     758:	00062503          	lw	a0,0(a2) # 80000000 <_heap_end+0x30000000>
     75c:	00062303          	lw	t1,0(a2)
     760:	10000613          	li	a2,256
     764:	00078493          	mv	s1,a5
     768:	00070b13          	mv	s6,a4
     76c:	00068a93          	mv	s5,a3
     770:	00140413          	addi	s0,s0,1
     774:	00148493          	addi	s1,s1,1
     778:	001b0b13          	addi	s6,s6,1
     77c:	001a8a93          	addi	s5,s5,1
     780:	00140413          	addi	s0,s0,1
     784:	00148493          	addi	s1,s1,1
     788:	001b0b13          	addi	s6,s6,1
     78c:	001a8a93          	addi	s5,s5,1
     790:	00140413          	addi	s0,s0,1
     794:	00148493          	addi	s1,s1,1
     798:	001b0b13          	addi	s6,s6,1
     79c:	001a8a93          	addi	s5,s5,1
     7a0:	00140413          	addi	s0,s0,1
     7a4:	00148493          	addi	s1,s1,1
     7a8:	001b0b13          	addi	s6,s6,1
     7ac:	001a8a93          	addi	s5,s5,1
     7b0:	00140413          	addi	s0,s0,1
     7b4:	00148493          	addi	s1,s1,1
     7b8:	001b0b13          	addi	s6,s6,1
     7bc:	001a8a93          	addi	s5,s5,1
     7c0:	00140413          	addi	s0,s0,1
     7c4:	00148493          	addi	s1,s1,1
     7c8:	001b0b13          	addi	s6,s6,1
     7cc:	001a8a93          	addi	s5,s5,1
     7d0:	00140413          	addi	s0,s0,1
     7d4:	00148493          	addi	s1,s1,1
     7d8:	001b0b13          	addi	s6,s6,1
     7dc:	001a8a93          	addi	s5,s5,1
     7e0:	00140413          	addi	s0,s0,1
     7e4:	00148493          	addi	s1,s1,1
     7e8:	001b0b13          	addi	s6,s6,1
     7ec:	001a8a93          	addi	s5,s5,1
     7f0:	00140413          	addi	s0,s0,1
     7f4:	00148493          	addi	s1,s1,1
     7f8:	001b0b13          	addi	s6,s6,1
     7fc:	001a8a93          	addi	s5,s5,1
     800:	00140413          	addi	s0,s0,1
     804:	00148493          	addi	s1,s1,1
     808:	001b0b13          	addi	s6,s6,1
     80c:	001a8a93          	addi	s5,s5,1
     810:	00140413          	addi	s0,s0,1
     814:	00148493          	addi	s1,s1,1
     818:	001b0b13          	addi	s6,s6,1
     81c:	001a8a93          	addi	s5,s5,1
     820:	00140413          	addi	s0,s0,1
     824:	00148493          	addi	s1,s1,1
     828:	001b0b13          	addi	s6,s6,1
     82c:	001a8a93          	addi	s5,s5,1
     830:	00140413          	addi	s0,s0,1
     834:	00148493          	addi	s1,s1,1
     838:	001b0b13          	addi	s6,s6,1
     83c:	001a8a93          	addi	s5,s5,1
     840:	00140413          	addi	s0,s0,1
     844:	00148493          	addi	s1,s1,1
     848:	001b0b13          	addi	s6,s6,1
     84c:	001a8a93          	addi	s5,s5,1
     850:	00140413          	addi	s0,s0,1
     854:	00148493          	addi	s1,s1,1
     858:	001b0b13          	addi	s6,s6,1
     85c:	001a8a93          	addi	s5,s5,1
     860:	00140413          	addi	s0,s0,1
     864:	00148493          	addi	s1,s1,1
     868:	001b0b13          	addi	s6,s6,1
     86c:	001a8a93          	addi	s5,s5,1
     870:	00140413          	addi	s0,s0,1
     874:	00148493          	addi	s1,s1,1
     878:	001b0b13          	addi	s6,s6,1
     87c:	001a8a93          	addi	s5,s5,1
     880:	00140413          	addi	s0,s0,1
     884:	00148493          	addi	s1,s1,1
     888:	001b0b13          	addi	s6,s6,1
     88c:	001a8a93          	addi	s5,s5,1
     890:	00140413          	addi	s0,s0,1
     894:	00148493          	addi	s1,s1,1
     898:	001b0b13          	addi	s6,s6,1
     89c:	001a8a93          	addi	s5,s5,1
     8a0:	00140413          	addi	s0,s0,1
     8a4:	00148493          	addi	s1,s1,1
     8a8:	001b0b13          	addi	s6,s6,1
     8ac:	001a8a93          	addi	s5,s5,1
     8b0:	00140413          	addi	s0,s0,1
     8b4:	00148493          	addi	s1,s1,1
     8b8:	001b0b13          	addi	s6,s6,1
     8bc:	001a8a93          	addi	s5,s5,1
     8c0:	00140413          	addi	s0,s0,1
     8c4:	00148493          	addi	s1,s1,1
     8c8:	001b0b13          	addi	s6,s6,1
     8cc:	001a8a93          	addi	s5,s5,1
     8d0:	00140413          	addi	s0,s0,1
     8d4:	00148493          	addi	s1,s1,1
     8d8:	001b0b13          	addi	s6,s6,1
     8dc:	001a8a93          	addi	s5,s5,1
     8e0:	00140413          	addi	s0,s0,1
     8e4:	00148493          	addi	s1,s1,1
     8e8:	001b0b13          	addi	s6,s6,1
     8ec:	001a8a93          	addi	s5,s5,1
     8f0:	00140413          	addi	s0,s0,1
     8f4:	00148493          	addi	s1,s1,1
     8f8:	001b0b13          	addi	s6,s6,1
     8fc:	001a8a93          	addi	s5,s5,1
     900:	00140413          	addi	s0,s0,1
     904:	00148493          	addi	s1,s1,1
     908:	001b0b13          	addi	s6,s6,1
     90c:	001a8a93          	addi	s5,s5,1
     910:	00140413          	addi	s0,s0,1
     914:	00148493          	addi	s1,s1,1
     918:	001b0b13          	addi	s6,s6,1
     91c:	001a8a93          	addi	s5,s5,1
     920:	00140413          	addi	s0,s0,1
     924:	00148493          	addi	s1,s1,1
     928:	001b0b13          	addi	s6,s6,1
     92c:	001a8a93          	addi	s5,s5,1
     930:	00140413          	addi	s0,s0,1
     934:	00148493          	addi	s1,s1,1
     938:	001b0b13          	addi	s6,s6,1
     93c:	001a8a93          	addi	s5,s5,1
     940:	00140413          	addi	s0,s0,1
     944:	00148493          	addi	s1,s1,1
     948:	001b0b13          	addi	s6,s6,1
     94c:	001a8a93          	addi	s5,s5,1
     950:	00140413          	addi	s0,s0,1
     954:	00148493          	addi	s1,s1,1
     958:	001b0b13          	addi	s6,s6,1
     95c:	001a8a93          	addi	s5,s5,1
     960:	00140413          	addi	s0,s0,1
     964:	00148493          	addi	s1,s1,1
     968:	001b0b13          	addi	s6,s6,1
     96c:	001a8a93          	addi	s5,s5,1
     970:	00140413          	addi	s0,s0,1
     974:	00148493          	addi	s1,s1,1
     978:	001b0b13          	addi	s6,s6,1
     97c:	001a8a93          	addi	s5,s5,1
     980:	00140413          	addi	s0,s0,1
     984:	00148493          	addi	s1,s1,1
     988:	001b0b13          	addi	s6,s6,1
     98c:	001a8a93          	addi	s5,s5,1
     990:	00140413          	addi	s0,s0,1
     994:	00148493          	addi	s1,s1,1
     998:	001b0b13          	addi	s6,s6,1
     99c:	001a8a93          	addi	s5,s5,1
     9a0:	00140413          	addi	s0,s0,1
     9a4:	00148493          	addi	s1,s1,1
     9a8:	001b0b13          	addi	s6,s6,1
     9ac:	001a8a93          	addi	s5,s5,1
     9b0:	00140413          	addi	s0,s0,1
     9b4:	00148493          	addi	s1,s1,1
     9b8:	001b0b13          	addi	s6,s6,1
     9bc:	001a8a93          	addi	s5,s5,1
     9c0:	00140413          	addi	s0,s0,1
     9c4:	00148493          	addi	s1,s1,1
     9c8:	001b0b13          	addi	s6,s6,1
     9cc:	001a8a93          	addi	s5,s5,1
     9d0:	00140413          	addi	s0,s0,1
     9d4:	00148493          	addi	s1,s1,1
     9d8:	001b0b13          	addi	s6,s6,1
     9dc:	001a8a93          	addi	s5,s5,1
     9e0:	00140413          	addi	s0,s0,1
     9e4:	00148493          	addi	s1,s1,1
     9e8:	001b0b13          	addi	s6,s6,1
     9ec:	001a8a93          	addi	s5,s5,1
     9f0:	00140413          	addi	s0,s0,1
     9f4:	00148493          	addi	s1,s1,1
     9f8:	001b0b13          	addi	s6,s6,1
     9fc:	001a8a93          	addi	s5,s5,1
     a00:	00140413          	addi	s0,s0,1
     a04:	00148493          	addi	s1,s1,1
     a08:	001b0b13          	addi	s6,s6,1
     a0c:	001a8a93          	addi	s5,s5,1
     a10:	00140413          	addi	s0,s0,1
     a14:	00148493          	addi	s1,s1,1
     a18:	001b0b13          	addi	s6,s6,1
     a1c:	001a8a93          	addi	s5,s5,1
     a20:	00140413          	addi	s0,s0,1
     a24:	00148493          	addi	s1,s1,1
     a28:	001b0b13          	addi	s6,s6,1
     a2c:	001a8a93          	addi	s5,s5,1
     a30:	00140413          	addi	s0,s0,1
     a34:	00148493          	addi	s1,s1,1
     a38:	001b0b13          	addi	s6,s6,1
     a3c:	001a8a93          	addi	s5,s5,1
     a40:	00140413          	addi	s0,s0,1
     a44:	00148493          	addi	s1,s1,1
     a48:	001b0b13          	addi	s6,s6,1
     a4c:	001a8a93          	addi	s5,s5,1
     a50:	00140413          	addi	s0,s0,1
     a54:	00148493          	addi	s1,s1,1
     a58:	001b0b13          	addi	s6,s6,1
     a5c:	001a8a93          	addi	s5,s5,1
     a60:	00140413          	addi	s0,s0,1
     a64:	00148493          	addi	s1,s1,1
     a68:	001b0b13          	addi	s6,s6,1
     a6c:	001a8a93          	addi	s5,s5,1
     a70:	fff60613          	addi	a2,a2,-1
     a74:	00048793          	mv	a5,s1
     a78:	000b0713          	mv	a4,s6
     a7c:	000a8693          	mv	a3,s5
     a80:	ce0612e3          	bnez	a2,764 <run_benchmarks+0x330>
     a84:	80000937          	lui	s2,0x80000
     a88:	00092783          	lw	a5,0(s2) # 80000000 <_heap_end+0x30000000>
    hundredths = (cycles * 100u + ops / 2u) / ops;
     a8c:	06400813          	li	a6,100
     a90:	000048b7          	lui	a7,0x4
    MICRO4("independent addi x4",
     a94:	00f58633          	add	a2,a1,a5
     a98:	40660633          	sub	a2,a2,t1
     a9c:	40a60633          	sub	a2,a2,a0
    hundredths = (cycles * 100u + ops / 2u) / ops;
     aa0:	030607b3          	mul	a5,a2,a6
    printf("  %-26s %8u cyc  %7u ops  %3u.%02u cyc/op\r\n",
     aa4:	51eb8737          	lui	a4,0x51eb8
     aa8:	51f70713          	addi	a4,a4,1311 # 51eb851f <_heap_end+0x1eb851f>
     aac:	000035b7          	lui	a1,0x3
     ab0:	2b058593          	addi	a1,a1,688 # 32b0 <uart_putc+0xdc>
     ab4:	000086b7          	lui	a3,0x8
     ab8:	28498513          	addi	a0,s3,644
    hundredths = (cycles * 100u + ops / 2u) / ops;
     abc:	011787b3          	add	a5,a5,a7
     ac0:	00f7d793          	srli	a5,a5,0xf
    printf("  %-26s %8u cyc  %7u ops  %3u.%02u cyc/op\r\n",
     ac4:	02e7b733          	mulhu	a4,a5,a4
     ac8:	00575713          	srli	a4,a4,0x5
     acc:	03070833          	mul	a6,a4,a6
     ad0:	410787b3          	sub	a5,a5,a6
     ad4:	628020ef          	jal	30fc <printf>
     ad8:	00092603          	lw	a2,0(s2)
     adc:	10000793          	li	a5,256
    MICRO2("xor", "xor %0, %0, %1", "+r"(a), "r"(b));
     ae0:	00944433          	xor	s0,s0,s1
     ae4:	00944433          	xor	s0,s0,s1
     ae8:	00944433          	xor	s0,s0,s1
     aec:	00944433          	xor	s0,s0,s1
     af0:	00944433          	xor	s0,s0,s1
     af4:	00944433          	xor	s0,s0,s1
     af8:	00944433          	xor	s0,s0,s1
     afc:	00944433          	xor	s0,s0,s1
     b00:	00944433          	xor	s0,s0,s1
     b04:	00944433          	xor	s0,s0,s1
     b08:	00944433          	xor	s0,s0,s1
     b0c:	00944433          	xor	s0,s0,s1
     b10:	00944433          	xor	s0,s0,s1
     b14:	00944433          	xor	s0,s0,s1
     b18:	00944433          	xor	s0,s0,s1
     b1c:	00944433          	xor	s0,s0,s1
     b20:	fff78793          	addi	a5,a5,-1
     b24:	fa079ee3          	bnez	a5,ae0 <run_benchmarks+0x6ac>
     b28:	800007b7          	lui	a5,0x80000
     b2c:	0007a703          	lw	a4,0(a5) # 80000000 <_heap_end+0x30000000>
     b30:	0007a683          	lw	a3,0(a5)
     b34:	10000793          	li	a5,256
     b38:	00944433          	xor	s0,s0,s1
     b3c:	00944433          	xor	s0,s0,s1
     b40:	00944433          	xor	s0,s0,s1
     b44:	00944433          	xor	s0,s0,s1
     b48:	00944433          	xor	s0,s0,s1
     b4c:	00944433          	xor	s0,s0,s1
     b50:	00944433          	xor	s0,s0,s1
     b54:	00944433          	xor	s0,s0,s1
     b58:	00944433          	xor	s0,s0,s1
     b5c:	00944433          	xor	s0,s0,s1
     b60:	00944433          	xor	s0,s0,s1
     b64:	00944433          	xor	s0,s0,s1
     b68:	00944433          	xor	s0,s0,s1
     b6c:	00944433          	xor	s0,s0,s1
     b70:	00944433          	xor	s0,s0,s1
     b74:	00944433          	xor	s0,s0,s1
     b78:	00944433          	xor	s0,s0,s1
     b7c:	00944433          	xor	s0,s0,s1
     b80:	00944433          	xor	s0,s0,s1
     b84:	00944433          	xor	s0,s0,s1
     b88:	00944433          	xor	s0,s0,s1
     b8c:	00944433          	xor	s0,s0,s1
     b90:	00944433          	xor	s0,s0,s1
     b94:	00944433          	xor	s0,s0,s1
     b98:	00944433          	xor	s0,s0,s1
     b9c:	00944433          	xor	s0,s0,s1
     ba0:	00944433          	xor	s0,s0,s1
     ba4:	00944433          	xor	s0,s0,s1
     ba8:	00944433          	xor	s0,s0,s1
     bac:	00944433          	xor	s0,s0,s1
     bb0:	00944433          	xor	s0,s0,s1
     bb4:	00944433          	xor	s0,s0,s1
     bb8:	00944433          	xor	s0,s0,s1
     bbc:	00944433          	xor	s0,s0,s1
     bc0:	00944433          	xor	s0,s0,s1
     bc4:	00944433          	xor	s0,s0,s1
     bc8:	00944433          	xor	s0,s0,s1
     bcc:	00944433          	xor	s0,s0,s1
     bd0:	00944433          	xor	s0,s0,s1
     bd4:	00944433          	xor	s0,s0,s1
     bd8:	00944433          	xor	s0,s0,s1
     bdc:	00944433          	xor	s0,s0,s1
     be0:	00944433          	xor	s0,s0,s1
     be4:	00944433          	xor	s0,s0,s1
     be8:	00944433          	xor	s0,s0,s1
     bec:	00944433          	xor	s0,s0,s1
     bf0:	00944433          	xor	s0,s0,s1
     bf4:	00944433          	xor	s0,s0,s1
     bf8:	fff78793          	addi	a5,a5,-1
     bfc:	f2079ee3          	bnez	a5,b38 <run_benchmarks+0x704>
     c00:	80000937          	lui	s2,0x80000
     c04:	00092783          	lw	a5,0(s2) # 80000000 <_heap_end+0x30000000>
    hundredths = (cycles * 100u + ops / 2u) / ops;
     c08:	06400813          	li	a6,100
     c0c:	000018b7          	lui	a7,0x1
    MICRO2("xor", "xor %0, %0, %1", "+r"(a), "r"(b));
     c10:	00f60633          	add	a2,a2,a5
     c14:	40d60633          	sub	a2,a2,a3
     c18:	40e60633          	sub	a2,a2,a4
    hundredths = (cycles * 100u + ops / 2u) / ops;
     c1c:	030607b3          	mul	a5,a2,a6
    printf("  %-26s %8u cyc  %7u ops  %3u.%02u cyc/op\r\n",
     c20:	51eb8737          	lui	a4,0x51eb8
     c24:	51f70713          	addi	a4,a4,1311 # 51eb851f <_heap_end+0x1eb851f>
     c28:	000035b7          	lui	a1,0x3
     c2c:	2c458593          	addi	a1,a1,708 # 32c4 <uart_putc+0xf0>
     c30:	000026b7          	lui	a3,0x2
     c34:	28498513          	addi	a0,s3,644
    hundredths = (cycles * 100u + ops / 2u) / ops;
     c38:	011787b3          	add	a5,a5,a7
     c3c:	00d7d793          	srli	a5,a5,0xd
    printf("  %-26s %8u cyc  %7u ops  %3u.%02u cyc/op\r\n",
     c40:	02e7b733          	mulhu	a4,a5,a4
     c44:	00575713          	srli	a4,a4,0x5
     c48:	03070833          	mul	a6,a4,a6
     c4c:	410787b3          	sub	a5,a5,a6
     c50:	4ac020ef          	jal	30fc <printf>
     c54:	00092603          	lw	a2,0(s2)
     c58:	10000793          	li	a5,256
    MICRO2("sll", "sll %0, %0, %1", "+r"(a), "r"(b));
     c5c:	00941433          	sll	s0,s0,s1
     c60:	00941433          	sll	s0,s0,s1
     c64:	00941433          	sll	s0,s0,s1
     c68:	00941433          	sll	s0,s0,s1
     c6c:	00941433          	sll	s0,s0,s1
     c70:	00941433          	sll	s0,s0,s1
     c74:	00941433          	sll	s0,s0,s1
     c78:	00941433          	sll	s0,s0,s1
     c7c:	00941433          	sll	s0,s0,s1
     c80:	00941433          	sll	s0,s0,s1
     c84:	00941433          	sll	s0,s0,s1
     c88:	00941433          	sll	s0,s0,s1
     c8c:	00941433          	sll	s0,s0,s1
     c90:	00941433          	sll	s0,s0,s1
     c94:	00941433          	sll	s0,s0,s1
     c98:	00941433          	sll	s0,s0,s1
     c9c:	fff78793          	addi	a5,a5,-1
     ca0:	fa079ee3          	bnez	a5,c5c <run_benchmarks+0x828>
     ca4:	800007b7          	lui	a5,0x80000
     ca8:	0007a703          	lw	a4,0(a5) # 80000000 <_heap_end+0x30000000>
     cac:	0007a683          	lw	a3,0(a5)
     cb0:	10000793          	li	a5,256
     cb4:	00941433          	sll	s0,s0,s1
     cb8:	00941433          	sll	s0,s0,s1
     cbc:	00941433          	sll	s0,s0,s1
     cc0:	00941433          	sll	s0,s0,s1
     cc4:	00941433          	sll	s0,s0,s1
     cc8:	00941433          	sll	s0,s0,s1
     ccc:	00941433          	sll	s0,s0,s1
     cd0:	00941433          	sll	s0,s0,s1
     cd4:	00941433          	sll	s0,s0,s1
     cd8:	00941433          	sll	s0,s0,s1
     cdc:	00941433          	sll	s0,s0,s1
     ce0:	00941433          	sll	s0,s0,s1
     ce4:	00941433          	sll	s0,s0,s1
     ce8:	00941433          	sll	s0,s0,s1
     cec:	00941433          	sll	s0,s0,s1
     cf0:	00941433          	sll	s0,s0,s1
     cf4:	00941433          	sll	s0,s0,s1
     cf8:	00941433          	sll	s0,s0,s1
     cfc:	00941433          	sll	s0,s0,s1
     d00:	00941433          	sll	s0,s0,s1
     d04:	00941433          	sll	s0,s0,s1
     d08:	00941433          	sll	s0,s0,s1
     d0c:	00941433          	sll	s0,s0,s1
     d10:	00941433          	sll	s0,s0,s1
     d14:	00941433          	sll	s0,s0,s1
     d18:	00941433          	sll	s0,s0,s1
     d1c:	00941433          	sll	s0,s0,s1
     d20:	00941433          	sll	s0,s0,s1
     d24:	00941433          	sll	s0,s0,s1
     d28:	00941433          	sll	s0,s0,s1
     d2c:	00941433          	sll	s0,s0,s1
     d30:	00941433          	sll	s0,s0,s1
     d34:	00941433          	sll	s0,s0,s1
     d38:	00941433          	sll	s0,s0,s1
     d3c:	00941433          	sll	s0,s0,s1
     d40:	00941433          	sll	s0,s0,s1
     d44:	00941433          	sll	s0,s0,s1
     d48:	00941433          	sll	s0,s0,s1
     d4c:	00941433          	sll	s0,s0,s1
     d50:	00941433          	sll	s0,s0,s1
     d54:	00941433          	sll	s0,s0,s1
     d58:	00941433          	sll	s0,s0,s1
     d5c:	00941433          	sll	s0,s0,s1
     d60:	00941433          	sll	s0,s0,s1
     d64:	00941433          	sll	s0,s0,s1
     d68:	00941433          	sll	s0,s0,s1
     d6c:	00941433          	sll	s0,s0,s1
     d70:	00941433          	sll	s0,s0,s1
     d74:	fff78793          	addi	a5,a5,-1
     d78:	f2079ee3          	bnez	a5,cb4 <run_benchmarks+0x880>
     d7c:	80000937          	lui	s2,0x80000
     d80:	00092783          	lw	a5,0(s2) # 80000000 <_heap_end+0x30000000>
    hundredths = (cycles * 100u + ops / 2u) / ops;
     d84:	06400813          	li	a6,100
     d88:	000018b7          	lui	a7,0x1
    MICRO2("sll", "sll %0, %0, %1", "+r"(a), "r"(b));
     d8c:	00f60633          	add	a2,a2,a5
     d90:	40d60633          	sub	a2,a2,a3
     d94:	40e60633          	sub	a2,a2,a4
    hundredths = (cycles * 100u + ops / 2u) / ops;
     d98:	030607b3          	mul	a5,a2,a6
    printf("  %-26s %8u cyc  %7u ops  %3u.%02u cyc/op\r\n",
     d9c:	51eb8737          	lui	a4,0x51eb8
     da0:	51f70713          	addi	a4,a4,1311 # 51eb851f <_heap_end+0x1eb851f>
     da4:	000035b7          	lui	a1,0x3
     da8:	2c858593          	addi	a1,a1,712 # 32c8 <uart_putc+0xf4>
     dac:	000026b7          	lui	a3,0x2
     db0:	28498513          	addi	a0,s3,644
    hundredths = (cycles * 100u + ops / 2u) / ops;
     db4:	011787b3          	add	a5,a5,a7
     db8:	00d7d793          	srli	a5,a5,0xd
    printf("  %-26s %8u cyc  %7u ops  %3u.%02u cyc/op\r\n",
     dbc:	02e7b733          	mulhu	a4,a5,a4
     dc0:	00575713          	srli	a4,a4,0x5
     dc4:	03070833          	mul	a6,a4,a6
     dc8:	410787b3          	sub	a5,a5,a6
     dcc:	330020ef          	jal	30fc <printf>
     dd0:	00092603          	lw	a2,0(s2)
     dd4:	10000793          	li	a5,256
    MICRO2("slt", "slt %0, %0, %1", "+r"(a), "r"(b));
     dd8:	00942433          	slt	s0,s0,s1
     ddc:	00942433          	slt	s0,s0,s1
     de0:	00942433          	slt	s0,s0,s1
     de4:	00942433          	slt	s0,s0,s1
     de8:	00942433          	slt	s0,s0,s1
     dec:	00942433          	slt	s0,s0,s1
     df0:	00942433          	slt	s0,s0,s1
     df4:	00942433          	slt	s0,s0,s1
     df8:	00942433          	slt	s0,s0,s1
     dfc:	00942433          	slt	s0,s0,s1
     e00:	00942433          	slt	s0,s0,s1
     e04:	00942433          	slt	s0,s0,s1
     e08:	00942433          	slt	s0,s0,s1
     e0c:	00942433          	slt	s0,s0,s1
     e10:	00942433          	slt	s0,s0,s1
     e14:	00942433          	slt	s0,s0,s1
     e18:	fff78793          	addi	a5,a5,-1
     e1c:	fa079ee3          	bnez	a5,dd8 <run_benchmarks+0x9a4>
     e20:	800007b7          	lui	a5,0x80000
     e24:	0007a703          	lw	a4,0(a5) # 80000000 <_heap_end+0x30000000>
     e28:	0007a783          	lw	a5,0(a5)
     e2c:	10000913          	li	s2,256
     e30:	00942433          	slt	s0,s0,s1
     e34:	00942433          	slt	s0,s0,s1
     e38:	00942433          	slt	s0,s0,s1
     e3c:	00942433          	slt	s0,s0,s1
     e40:	00942433          	slt	s0,s0,s1
     e44:	00942433          	slt	s0,s0,s1
     e48:	00942433          	slt	s0,s0,s1
     e4c:	00942433          	slt	s0,s0,s1
     e50:	00942433          	slt	s0,s0,s1
     e54:	00942433          	slt	s0,s0,s1
     e58:	00942433          	slt	s0,s0,s1
     e5c:	00942433          	slt	s0,s0,s1
     e60:	00942433          	slt	s0,s0,s1
     e64:	00942433          	slt	s0,s0,s1
     e68:	00942433          	slt	s0,s0,s1
     e6c:	00942433          	slt	s0,s0,s1
     e70:	00942433          	slt	s0,s0,s1
     e74:	00942433          	slt	s0,s0,s1
     e78:	00942433          	slt	s0,s0,s1
     e7c:	00942433          	slt	s0,s0,s1
     e80:	00942433          	slt	s0,s0,s1
     e84:	00942433          	slt	s0,s0,s1
     e88:	00942433          	slt	s0,s0,s1
     e8c:	00942433          	slt	s0,s0,s1
     e90:	00942433          	slt	s0,s0,s1
     e94:	00942433          	slt	s0,s0,s1
     e98:	00942433          	slt	s0,s0,s1
     e9c:	00942433          	slt	s0,s0,s1
     ea0:	00942433          	slt	s0,s0,s1
     ea4:	00942433          	slt	s0,s0,s1
     ea8:	00942433          	slt	s0,s0,s1
     eac:	00942433          	slt	s0,s0,s1
     eb0:	00942433          	slt	s0,s0,s1
     eb4:	00942433          	slt	s0,s0,s1
     eb8:	00942433          	slt	s0,s0,s1
     ebc:	00942433          	slt	s0,s0,s1
     ec0:	00942433          	slt	s0,s0,s1
     ec4:	00942433          	slt	s0,s0,s1
     ec8:	00942433          	slt	s0,s0,s1
     ecc:	00942433          	slt	s0,s0,s1
     ed0:	00942433          	slt	s0,s0,s1
     ed4:	00942433          	slt	s0,s0,s1
     ed8:	00942433          	slt	s0,s0,s1
     edc:	00942433          	slt	s0,s0,s1
     ee0:	00942433          	slt	s0,s0,s1
     ee4:	00942433          	slt	s0,s0,s1
     ee8:	00942433          	slt	s0,s0,s1
     eec:	00942433          	slt	s0,s0,s1
     ef0:	fff90913          	addi	s2,s2,-1
     ef4:	f2091ee3          	bnez	s2,e30 <run_benchmarks+0x9fc>
     ef8:	80000bb7          	lui	s7,0x80000
     efc:	000ba683          	lw	a3,0(s7) # 80000000 <_heap_end+0x30000000>
    hundredths = (cycles * 100u + ops / 2u) / ops;
     f00:	06400813          	li	a6,100
     f04:	000018b7          	lui	a7,0x1
    MICRO2("slt", "slt %0, %0, %1", "+r"(a), "r"(b));
     f08:	00d60633          	add	a2,a2,a3
     f0c:	40f60633          	sub	a2,a2,a5
     f10:	40e60633          	sub	a2,a2,a4
    hundredths = (cycles * 100u + ops / 2u) / ops;
     f14:	030607b3          	mul	a5,a2,a6
    printf("  %-26s %8u cyc  %7u ops  %3u.%02u cyc/op\r\n",
     f18:	51eb8737          	lui	a4,0x51eb8
     f1c:	51f70713          	addi	a4,a4,1311 # 51eb851f <_heap_end+0x1eb851f>
     f20:	000035b7          	lui	a1,0x3
     f24:	2cc58593          	addi	a1,a1,716 # 32cc <uart_putc+0xf8>
     f28:	000026b7          	lui	a3,0x2
     f2c:	28498513          	addi	a0,s3,644
    hundredths = (cycles * 100u + ops / 2u) / ops;
     f30:	011787b3          	add	a5,a5,a7
     f34:	00d7d793          	srli	a5,a5,0xd
    printf("  %-26s %8u cyc  %7u ops  %3u.%02u cyc/op\r\n",
     f38:	02e7b733          	mulhu	a4,a5,a4
     f3c:	00575713          	srli	a4,a4,0x5
     f40:	03070833          	mul	a6,a4,a6
     f44:	410787b3          	sub	a5,a5,a6
     f48:	1b4020ef          	jal	30fc <printf>
    sink = a + b + c + d;
     f4c:	016487b3          	add	a5,s1,s6
     f50:	015787b3          	add	a5,a5,s5
    printf("branches\r\n");
     f54:	00003537          	lui	a0,0x3
    sink = a + b + c + d;
     f58:	008787b3          	add	a5,a5,s0
     f5c:	00004ab7          	lui	s5,0x4
    printf("branches\r\n");
     f60:	2d050513          	addi	a0,a0,720 # 32d0 <uart_putc+0xfc>
    sink = a + b + c + d;
     f64:	1cfaaa23          	sw	a5,468(s5) # 41d4 <sink>
    printf("branches\r\n");
     f68:	194020ef          	jal	30fc <printf>
     f6c:	000ba603          	lw	a2,0(s7)
     f70:	10000793          	li	a5,256
    MICRO1("branch not taken", "bne %0, %0, 1f\n1:", "+r"(a));
     f74:	01291263          	bne	s2,s2,f78 <run_benchmarks+0xb44>
     f78:	01291263          	bne	s2,s2,f7c <run_benchmarks+0xb48>
     f7c:	01291263          	bne	s2,s2,f80 <run_benchmarks+0xb4c>
     f80:	01291263          	bne	s2,s2,f84 <run_benchmarks+0xb50>
     f84:	01291263          	bne	s2,s2,f88 <run_benchmarks+0xb54>
     f88:	01291263          	bne	s2,s2,f8c <run_benchmarks+0xb58>
     f8c:	01291263          	bne	s2,s2,f90 <run_benchmarks+0xb5c>
     f90:	01291263          	bne	s2,s2,f94 <run_benchmarks+0xb60>
     f94:	01291263          	bne	s2,s2,f98 <run_benchmarks+0xb64>
     f98:	01291263          	bne	s2,s2,f9c <run_benchmarks+0xb68>
     f9c:	01291263          	bne	s2,s2,fa0 <run_benchmarks+0xb6c>
     fa0:	01291263          	bne	s2,s2,fa4 <run_benchmarks+0xb70>
     fa4:	01291263          	bne	s2,s2,fa8 <run_benchmarks+0xb74>
     fa8:	01291263          	bne	s2,s2,fac <run_benchmarks+0xb78>
     fac:	01291263          	bne	s2,s2,fb0 <run_benchmarks+0xb7c>
     fb0:	01291263          	bne	s2,s2,fb4 <run_benchmarks+0xb80>
     fb4:	fff78793          	addi	a5,a5,-1
     fb8:	fa079ee3          	bnez	a5,f74 <run_benchmarks+0xb40>
     fbc:	800007b7          	lui	a5,0x80000
     fc0:	0007a703          	lw	a4,0(a5) # 80000000 <_heap_end+0x30000000>
     fc4:	0007a683          	lw	a3,0(a5)
     fc8:	10000793          	li	a5,256
     fcc:	01291263          	bne	s2,s2,fd0 <run_benchmarks+0xb9c>
     fd0:	01291263          	bne	s2,s2,fd4 <run_benchmarks+0xba0>
     fd4:	01291263          	bne	s2,s2,fd8 <run_benchmarks+0xba4>
     fd8:	01291263          	bne	s2,s2,fdc <run_benchmarks+0xba8>
     fdc:	01291263          	bne	s2,s2,fe0 <run_benchmarks+0xbac>
     fe0:	01291263          	bne	s2,s2,fe4 <run_benchmarks+0xbb0>
     fe4:	01291263          	bne	s2,s2,fe8 <run_benchmarks+0xbb4>
     fe8:	01291263          	bne	s2,s2,fec <run_benchmarks+0xbb8>
     fec:	01291263          	bne	s2,s2,ff0 <run_benchmarks+0xbbc>
     ff0:	01291263          	bne	s2,s2,ff4 <run_benchmarks+0xbc0>
     ff4:	01291263          	bne	s2,s2,ff8 <run_benchmarks+0xbc4>
     ff8:	01291263          	bne	s2,s2,ffc <run_benchmarks+0xbc8>
     ffc:	01291263          	bne	s2,s2,1000 <run_benchmarks+0xbcc>
    1000:	01291263          	bne	s2,s2,1004 <run_benchmarks+0xbd0>
    1004:	01291263          	bne	s2,s2,1008 <run_benchmarks+0xbd4>
    1008:	01291263          	bne	s2,s2,100c <run_benchmarks+0xbd8>
    100c:	01291263          	bne	s2,s2,1010 <run_benchmarks+0xbdc>
    1010:	01291263          	bne	s2,s2,1014 <run_benchmarks+0xbe0>
    1014:	01291263          	bne	s2,s2,1018 <run_benchmarks+0xbe4>
    1018:	01291263          	bne	s2,s2,101c <run_benchmarks+0xbe8>
    101c:	01291263          	bne	s2,s2,1020 <run_benchmarks+0xbec>
    1020:	01291263          	bne	s2,s2,1024 <run_benchmarks+0xbf0>
    1024:	01291263          	bne	s2,s2,1028 <run_benchmarks+0xbf4>
    1028:	01291263          	bne	s2,s2,102c <run_benchmarks+0xbf8>
    102c:	01291263          	bne	s2,s2,1030 <run_benchmarks+0xbfc>
    1030:	01291263          	bne	s2,s2,1034 <run_benchmarks+0xc00>
    1034:	01291263          	bne	s2,s2,1038 <run_benchmarks+0xc04>
    1038:	01291263          	bne	s2,s2,103c <run_benchmarks+0xc08>
    103c:	01291263          	bne	s2,s2,1040 <run_benchmarks+0xc0c>
    1040:	01291263          	bne	s2,s2,1044 <run_benchmarks+0xc10>
    1044:	01291263          	bne	s2,s2,1048 <run_benchmarks+0xc14>
    1048:	01291263          	bne	s2,s2,104c <run_benchmarks+0xc18>
    104c:	01291263          	bne	s2,s2,1050 <run_benchmarks+0xc1c>
    1050:	01291263          	bne	s2,s2,1054 <run_benchmarks+0xc20>
    1054:	01291263          	bne	s2,s2,1058 <run_benchmarks+0xc24>
    1058:	01291263          	bne	s2,s2,105c <run_benchmarks+0xc28>
    105c:	01291263          	bne	s2,s2,1060 <run_benchmarks+0xc2c>
    1060:	01291263          	bne	s2,s2,1064 <run_benchmarks+0xc30>
    1064:	01291263          	bne	s2,s2,1068 <run_benchmarks+0xc34>
    1068:	01291263          	bne	s2,s2,106c <run_benchmarks+0xc38>
    106c:	01291263          	bne	s2,s2,1070 <run_benchmarks+0xc3c>
    1070:	01291263          	bne	s2,s2,1074 <run_benchmarks+0xc40>
    1074:	01291263          	bne	s2,s2,1078 <run_benchmarks+0xc44>
    1078:	01291263          	bne	s2,s2,107c <run_benchmarks+0xc48>
    107c:	01291263          	bne	s2,s2,1080 <run_benchmarks+0xc4c>
    1080:	01291263          	bne	s2,s2,1084 <run_benchmarks+0xc50>
    1084:	01291263          	bne	s2,s2,1088 <run_benchmarks+0xc54>
    1088:	01291263          	bne	s2,s2,108c <run_benchmarks+0xc58>
    108c:	fff78793          	addi	a5,a5,-1
    1090:	f2079ee3          	bnez	a5,fcc <run_benchmarks+0xb98>
    1094:	80000437          	lui	s0,0x80000
    1098:	00042783          	lw	a5,0(s0) # 80000000 <_heap_end+0x30000000>
    hundredths = (cycles * 100u + ops / 2u) / ops;
    109c:	06400813          	li	a6,100
    10a0:	000018b7          	lui	a7,0x1
    MICRO1("branch not taken", "bne %0, %0, 1f\n1:", "+r"(a));
    10a4:	00f60633          	add	a2,a2,a5
    10a8:	40d60633          	sub	a2,a2,a3
    10ac:	40e60633          	sub	a2,a2,a4
    hundredths = (cycles * 100u + ops / 2u) / ops;
    10b0:	030607b3          	mul	a5,a2,a6
    printf("  %-26s %8u cyc  %7u ops  %3u.%02u cyc/op\r\n",
    10b4:	51eb8737          	lui	a4,0x51eb8
    10b8:	51f70713          	addi	a4,a4,1311 # 51eb851f <_heap_end+0x1eb851f>
    10bc:	000035b7          	lui	a1,0x3
    10c0:	2dc58593          	addi	a1,a1,732 # 32dc <uart_putc+0x108>
    10c4:	000026b7          	lui	a3,0x2
    10c8:	28498513          	addi	a0,s3,644
    hundredths = (cycles * 100u + ops / 2u) / ops;
    10cc:	011787b3          	add	a5,a5,a7
    10d0:	00d7d793          	srli	a5,a5,0xd
    printf("  %-26s %8u cyc  %7u ops  %3u.%02u cyc/op\r\n",
    10d4:	02e7b733          	mulhu	a4,a5,a4
    10d8:	00575713          	srli	a4,a4,0x5
    10dc:	03070833          	mul	a6,a4,a6
    10e0:	410787b3          	sub	a5,a5,a6
    10e4:	018020ef          	jal	30fc <printf>
    10e8:	00042603          	lw	a2,0(s0)
    10ec:	10000793          	li	a5,256
    MICRO1("branch taken", "beq %0, %0, 1f\n1:", "+r"(a));
    10f0:	01290263          	beq	s2,s2,10f4 <run_benchmarks+0xcc0>
    10f4:	01290263          	beq	s2,s2,10f8 <run_benchmarks+0xcc4>
    10f8:	01290263          	beq	s2,s2,10fc <run_benchmarks+0xcc8>
    10fc:	01290263          	beq	s2,s2,1100 <run_benchmarks+0xccc>
    1100:	01290263          	beq	s2,s2,1104 <run_benchmarks+0xcd0>
    1104:	01290263          	beq	s2,s2,1108 <run_benchmarks+0xcd4>
    1108:	01290263          	beq	s2,s2,110c <run_benchmarks+0xcd8>
    110c:	01290263          	beq	s2,s2,1110 <run_benchmarks+0xcdc>
    1110:	01290263          	beq	s2,s2,1114 <run_benchmarks+0xce0>
    1114:	01290263          	beq	s2,s2,1118 <run_benchmarks+0xce4>
    1118:	01290263          	beq	s2,s2,111c <run_benchmarks+0xce8>
    111c:	01290263          	beq	s2,s2,1120 <run_benchmarks+0xcec>
    1120:	01290263          	beq	s2,s2,1124 <run_benchmarks+0xcf0>
    1124:	01290263          	beq	s2,s2,1128 <run_benchmarks+0xcf4>
    1128:	01290263          	beq	s2,s2,112c <run_benchmarks+0xcf8>
    112c:	01290263          	beq	s2,s2,1130 <run_benchmarks+0xcfc>
    1130:	fff78793          	addi	a5,a5,-1
    1134:	fa079ee3          	bnez	a5,10f0 <run_benchmarks+0xcbc>
    1138:	800007b7          	lui	a5,0x80000
    113c:	0007a703          	lw	a4,0(a5) # 80000000 <_heap_end+0x30000000>
    1140:	0007a683          	lw	a3,0(a5)
    1144:	10000793          	li	a5,256
    1148:	01290263          	beq	s2,s2,114c <run_benchmarks+0xd18>
    114c:	01290263          	beq	s2,s2,1150 <run_benchmarks+0xd1c>
    1150:	01290263          	beq	s2,s2,1154 <run_benchmarks+0xd20>
    1154:	01290263          	beq	s2,s2,1158 <run_benchmarks+0xd24>
    1158:	01290263          	beq	s2,s2,115c <run_benchmarks+0xd28>
    115c:	01290263          	beq	s2,s2,1160 <run_benchmarks+0xd2c>
    1160:	01290263          	beq	s2,s2,1164 <run_benchmarks+0xd30>
    1164:	01290263          	beq	s2,s2,1168 <run_benchmarks+0xd34>
    1168:	01290263          	beq	s2,s2,116c <run_benchmarks+0xd38>
    116c:	01290263          	beq	s2,s2,1170 <run_benchmarks+0xd3c>
    1170:	01290263          	beq	s2,s2,1174 <run_benchmarks+0xd40>
    1174:	01290263          	beq	s2,s2,1178 <run_benchmarks+0xd44>
    1178:	01290263          	beq	s2,s2,117c <run_benchmarks+0xd48>
    117c:	01290263          	beq	s2,s2,1180 <run_benchmarks+0xd4c>
    1180:	01290263          	beq	s2,s2,1184 <run_benchmarks+0xd50>
    1184:	01290263          	beq	s2,s2,1188 <run_benchmarks+0xd54>
    1188:	01290263          	beq	s2,s2,118c <run_benchmarks+0xd58>
    118c:	01290263          	beq	s2,s2,1190 <run_benchmarks+0xd5c>
    1190:	01290263          	beq	s2,s2,1194 <run_benchmarks+0xd60>
    1194:	01290263          	beq	s2,s2,1198 <run_benchmarks+0xd64>
    1198:	01290263          	beq	s2,s2,119c <run_benchmarks+0xd68>
    119c:	01290263          	beq	s2,s2,11a0 <run_benchmarks+0xd6c>
    11a0:	01290263          	beq	s2,s2,11a4 <run_benchmarks+0xd70>
    11a4:	01290263          	beq	s2,s2,11a8 <run_benchmarks+0xd74>
    11a8:	01290263          	beq	s2,s2,11ac <run_benchmarks+0xd78>
    11ac:	01290263          	beq	s2,s2,11b0 <run_benchmarks+0xd7c>
    11b0:	01290263          	beq	s2,s2,11b4 <run_benchmarks+0xd80>
    11b4:	01290263          	beq	s2,s2,11b8 <run_benchmarks+0xd84>
    11b8:	01290263          	beq	s2,s2,11bc <run_benchmarks+0xd88>
    11bc:	01290263          	beq	s2,s2,11c0 <run_benchmarks+0xd8c>
    11c0:	01290263          	beq	s2,s2,11c4 <run_benchmarks+0xd90>
    11c4:	01290263          	beq	s2,s2,11c8 <run_benchmarks+0xd94>
    11c8:	01290263          	beq	s2,s2,11cc <run_benchmarks+0xd98>
    11cc:	01290263          	beq	s2,s2,11d0 <run_benchmarks+0xd9c>
    11d0:	01290263          	beq	s2,s2,11d4 <run_benchmarks+0xda0>
    11d4:	01290263          	beq	s2,s2,11d8 <run_benchmarks+0xda4>
    11d8:	01290263          	beq	s2,s2,11dc <run_benchmarks+0xda8>
    11dc:	01290263          	beq	s2,s2,11e0 <run_benchmarks+0xdac>
    11e0:	01290263          	beq	s2,s2,11e4 <run_benchmarks+0xdb0>
    11e4:	01290263          	beq	s2,s2,11e8 <run_benchmarks+0xdb4>
    11e8:	01290263          	beq	s2,s2,11ec <run_benchmarks+0xdb8>
    11ec:	01290263          	beq	s2,s2,11f0 <run_benchmarks+0xdbc>
    11f0:	01290263          	beq	s2,s2,11f4 <run_benchmarks+0xdc0>
    11f4:	01290263          	beq	s2,s2,11f8 <run_benchmarks+0xdc4>
    11f8:	01290263          	beq	s2,s2,11fc <run_benchmarks+0xdc8>
    11fc:	01290263          	beq	s2,s2,1200 <run_benchmarks+0xdcc>
    1200:	01290263          	beq	s2,s2,1204 <run_benchmarks+0xdd0>
    1204:	01290263          	beq	s2,s2,1208 <run_benchmarks+0xdd4>
    1208:	fff78793          	addi	a5,a5,-1
    120c:	f2079ee3          	bnez	a5,1148 <run_benchmarks+0xd14>
    1210:	80000437          	lui	s0,0x80000
    1214:	00042783          	lw	a5,0(s0) # 80000000 <_heap_end+0x30000000>
    hundredths = (cycles * 100u + ops / 2u) / ops;
    1218:	06400813          	li	a6,100
    121c:	000018b7          	lui	a7,0x1
    MICRO1("branch taken", "beq %0, %0, 1f\n1:", "+r"(a));
    1220:	00f60633          	add	a2,a2,a5
    1224:	40d60633          	sub	a2,a2,a3
    1228:	40e60633          	sub	a2,a2,a4
    hundredths = (cycles * 100u + ops / 2u) / ops;
    122c:	030607b3          	mul	a5,a2,a6
    printf("  %-26s %8u cyc  %7u ops  %3u.%02u cyc/op\r\n",
    1230:	51eb8737          	lui	a4,0x51eb8
    1234:	51f70713          	addi	a4,a4,1311 # 51eb851f <_heap_end+0x1eb851f>
    1238:	000035b7          	lui	a1,0x3
    123c:	000026b7          	lui	a3,0x2
    1240:	2f058593          	addi	a1,a1,752 # 32f0 <uart_putc+0x11c>
    1244:	28498513          	addi	a0,s3,644
    hundredths = (cycles * 100u + ops / 2u) / ops;
    1248:	011787b3          	add	a5,a5,a7
    124c:	00d7d793          	srli	a5,a5,0xd
    printf("  %-26s %8u cyc  %7u ops  %3u.%02u cyc/op\r\n",
    1250:	02e7b733          	mulhu	a4,a5,a4
    1254:	00575713          	srli	a4,a4,0x5
    1258:	03070833          	mul	a6,a4,a6
    125c:	410787b3          	sub	a5,a5,a6
    1260:	69d010ef          	jal	30fc <printf>
    printf("RV32M\r\n");
    1264:	00003537          	lui	a0,0x3
    1268:	30050513          	addi	a0,a0,768 # 3300 <uart_putc+0x12c>
    sink = a;
    126c:	1d2aaa23          	sw	s2,468(s5)
    printf("RV32M\r\n");
    1270:	68d010ef          	jal	30fc <printf>
    1274:	00042603          	lw	a2,0(s0)
    register unsigned int a = 0x12345, b = 7;
    1278:	000127b7          	lui	a5,0x12
    127c:	34578793          	addi	a5,a5,837 # 12345 <nblocks+0xe165>
    1280:	10000713          	li	a4,256
    MICRO2("mul", "mul %0, %0, %1", "+r"(a), "r"(b));
    1284:	00700693          	li	a3,7
    1288:	02d787b3          	mul	a5,a5,a3
    128c:	02d787b3          	mul	a5,a5,a3
    1290:	02d787b3          	mul	a5,a5,a3
    1294:	02d787b3          	mul	a5,a5,a3
    1298:	02d787b3          	mul	a5,a5,a3
    129c:	02d787b3          	mul	a5,a5,a3
    12a0:	02d787b3          	mul	a5,a5,a3
    12a4:	02d787b3          	mul	a5,a5,a3
    12a8:	02d787b3          	mul	a5,a5,a3
    12ac:	02d787b3          	mul	a5,a5,a3
    12b0:	02d787b3          	mul	a5,a5,a3
    12b4:	02d787b3          	mul	a5,a5,a3
    12b8:	02d787b3          	mul	a5,a5,a3
    12bc:	02d787b3          	mul	a5,a5,a3
    12c0:	02d787b3          	mul	a5,a5,a3
    12c4:	02d787b3          	mul	a5,a5,a3
    12c8:	fff70713          	addi	a4,a4,-1
    12cc:	fa071ee3          	bnez	a4,1288 <run_benchmarks+0xe54>
    12d0:	80000737          	lui	a4,0x80000
    12d4:	00072583          	lw	a1,0(a4) # 80000000 <_heap_end+0x30000000>
    12d8:	00700693          	li	a3,7
    12dc:	00072503          	lw	a0,0(a4)
    12e0:	10000713          	li	a4,256
    12e4:	02d787b3          	mul	a5,a5,a3
    12e8:	02d787b3          	mul	a5,a5,a3
    12ec:	02d787b3          	mul	a5,a5,a3
    12f0:	02d787b3          	mul	a5,a5,a3
    12f4:	02d787b3          	mul	a5,a5,a3
    12f8:	02d787b3          	mul	a5,a5,a3
    12fc:	02d787b3          	mul	a5,a5,a3
    1300:	02d787b3          	mul	a5,a5,a3
    1304:	02d787b3          	mul	a5,a5,a3
    1308:	02d787b3          	mul	a5,a5,a3
    130c:	02d787b3          	mul	a5,a5,a3
    1310:	02d787b3          	mul	a5,a5,a3
    1314:	02d787b3          	mul	a5,a5,a3
    1318:	02d787b3          	mul	a5,a5,a3
    131c:	02d787b3          	mul	a5,a5,a3
    1320:	02d787b3          	mul	a5,a5,a3
    1324:	02d787b3          	mul	a5,a5,a3
    1328:	02d787b3          	mul	a5,a5,a3
    132c:	02d787b3          	mul	a5,a5,a3
    1330:	02d787b3          	mul	a5,a5,a3
    1334:	02d787b3          	mul	a5,a5,a3
    1338:	02d787b3          	mul	a5,a5,a3
    133c:	02d787b3          	mul	a5,a5,a3
    1340:	02d787b3          	mul	a5,a5,a3
    1344:	02d787b3          	mul	a5,a5,a3
    1348:	02d787b3          	mul	a5,a5,a3
    134c:	02d787b3          	mul	a5,a5,a3
    1350:	02d787b3          	mul	a5,a5,a3
    1354:	02d787b3          	mul	a5,a5,a3
    1358:	02d787b3          	mul	a5,a5,a3
    135c:	02d787b3          	mul	a5,a5,a3
    1360:	02d787b3          	mul	a5,a5,a3
    1364:	02d787b3          	mul	a5,a5,a3
    1368:	02d787b3          	mul	a5,a5,a3
    136c:	02d787b3          	mul	a5,a5,a3
    1370:	02d787b3          	mul	a5,a5,a3
    1374:	02d787b3          	mul	a5,a5,a3
    1378:	02d787b3          	mul	a5,a5,a3
    137c:	02d787b3          	mul	a5,a5,a3
    1380:	02d787b3          	mul	a5,a5,a3
    1384:	02d787b3          	mul	a5,a5,a3
    1388:	02d787b3          	mul	a5,a5,a3
    138c:	02d787b3          	mul	a5,a5,a3
    1390:	02d787b3          	mul	a5,a5,a3
    1394:	02d787b3          	mul	a5,a5,a3
    1398:	02d787b3          	mul	a5,a5,a3
    139c:	02d787b3          	mul	a5,a5,a3
    13a0:	02d787b3          	mul	a5,a5,a3
    13a4:	fff70713          	addi	a4,a4,-1
    13a8:	f2071ee3          	bnez	a4,12e4 <run_benchmarks+0xeb0>
    13ac:	80000437          	lui	s0,0x80000
    13b0:	00042783          	lw	a5,0(s0) # 80000000 <_heap_end+0x30000000>
    hundredths = (cycles * 100u + ops / 2u) / ops;
    13b4:	06400813          	li	a6,100
    13b8:	000018b7          	lui	a7,0x1
    MICRO2("mul", "mul %0, %0, %1", "+r"(a), "r"(b));
    13bc:	00f60633          	add	a2,a2,a5
    13c0:	40a60633          	sub	a2,a2,a0
    13c4:	40b60633          	sub	a2,a2,a1
    hundredths = (cycles * 100u + ops / 2u) / ops;
    13c8:	030607b3          	mul	a5,a2,a6
    printf("  %-26s %8u cyc  %7u ops  %3u.%02u cyc/op\r\n",
    13cc:	51eb8737          	lui	a4,0x51eb8
    13d0:	51f70713          	addi	a4,a4,1311 # 51eb851f <_heap_end+0x1eb851f>
    13d4:	000035b7          	lui	a1,0x3
    13d8:	000026b7          	lui	a3,0x2
    13dc:	30858593          	addi	a1,a1,776 # 3308 <uart_putc+0x134>
    13e0:	28498513          	addi	a0,s3,644
    hundredths = (cycles * 100u + ops / 2u) / ops;
    13e4:	011787b3          	add	a5,a5,a7
    13e8:	00d7d793          	srli	a5,a5,0xd
    printf("  %-26s %8u cyc  %7u ops  %3u.%02u cyc/op\r\n",
    13ec:	02e7b733          	mulhu	a4,a5,a4
    13f0:	00575713          	srli	a4,a4,0x5
    13f4:	03070833          	mul	a6,a4,a6
    13f8:	410787b3          	sub	a5,a5,a6
    13fc:	501010ef          	jal	30fc <printf>
    1400:	00042603          	lw	a2,0(s0)
    a = 0x7FFFFFFF;
    1404:	fff40793          	addi	a5,s0,-1
    1408:	10000713          	li	a4,256
    MICRO2("div", "div %0, %0, %1", "+r"(a), "r"(b));
    140c:	00700693          	li	a3,7
    1410:	02d7c7b3          	div	a5,a5,a3
    1414:	02d7c7b3          	div	a5,a5,a3
    1418:	02d7c7b3          	div	a5,a5,a3
    141c:	02d7c7b3          	div	a5,a5,a3
    1420:	02d7c7b3          	div	a5,a5,a3
    1424:	02d7c7b3          	div	a5,a5,a3
    1428:	02d7c7b3          	div	a5,a5,a3
    142c:	02d7c7b3          	div	a5,a5,a3
    1430:	02d7c7b3          	div	a5,a5,a3
    1434:	02d7c7b3          	div	a5,a5,a3
    1438:	02d7c7b3          	div	a5,a5,a3
    143c:	02d7c7b3          	div	a5,a5,a3
    1440:	02d7c7b3          	div	a5,a5,a3
    1444:	02d7c7b3          	div	a5,a5,a3
    1448:	02d7c7b3          	div	a5,a5,a3
    144c:	02d7c7b3          	div	a5,a5,a3
    1450:	fff70713          	addi	a4,a4,-1
    1454:	fa071ee3          	bnez	a4,1410 <run_benchmarks+0xfdc>
    1458:	80000737          	lui	a4,0x80000
    145c:	00072583          	lw	a1,0(a4) # 80000000 <_heap_end+0x30000000>
    1460:	00700693          	li	a3,7
    1464:	00072503          	lw	a0,0(a4)
    1468:	10000713          	li	a4,256
    146c:	02d7c7b3          	div	a5,a5,a3
    1470:	02d7c7b3          	div	a5,a5,a3
    1474:	02d7c7b3          	div	a5,a5,a3
    1478:	02d7c7b3          	div	a5,a5,a3
    147c:	02d7c7b3          	div	a5,a5,a3
    1480:	02d7c7b3          	div	a5,a5,a3
    1484:	02d7c7b3          	div	a5,a5,a3
    1488:	02d7c7b3          	div	a5,a5,a3
    148c:	02d7c7b3          	div	a5,a5,a3
    1490:	02d7c7b3          	div	a5,a5,a3
    1494:	02d7c7b3          	div	a5,a5,a3
    1498:	02d7c7b3          	div	a5,a5,a3
    149c:	02d7c7b3          	div	a5,a5,a3
    14a0:	02d7c7b3          	div	a5,a5,a3
    14a4:	02d7c7b3          	div	a5,a5,a3
    14a8:	02d7c7b3          	div	a5,a5,a3
    14ac:	02d7c7b3          	div	a5,a5,a3
    14b0:	02d7c7b3          	div	a5,a5,a3
    14b4:	02d7c7b3          	div	a5,a5,a3
    14b8:	02d7c7b3          	div	a5,a5,a3
    14bc:	02d7c7b3          	div	a5,a5,a3
    14c0:	02d7c7b3          	div	a5,a5,a3
    14c4:	02d7c7b3          	div	a5,a5,a3
    14c8:	02d7c7b3          	div	a5,a5,a3
    14cc:	02d7c7b3          	div	a5,a5,a3
    14d0:	02d7c7b3          	div	a5,a5,a3
    14d4:	02d7c7b3          	div	a5,a5,a3
    14d8:	02d7c7b3          	div	a5,a5,a3
    14dc:	02d7c7b3          	div	a5,a5,a3
    14e0:	02d7c7b3          	div	a5,a5,a3
    14e4:	02d7c7b3          	div	a5,a5,a3
    14e8:	02d7c7b3          	div	a5,a5,a3
    14ec:	02d7c7b3          	div	a5,a5,a3
    14f0:	02d7c7b3          	div	a5,a5,a3
    14f4:	02d7c7b3          	div	a5,a5,a3
    14f8:	02d7c7b3          	div	a5,a5,a3
    14fc:	02d7c7b3          	div	a5,a5,a3
    1500:	02d7c7b3          	div	a5,a5,a3
    1504:	02d7c7b3          	div	a5,a5,a3
    1508:	02d7c7b3          	div	a5,a5,a3
    150c:	02d7c7b3          	div	a5,a5,a3
    1510:	02d7c7b3          	div	a5,a5,a3
    1514:	02d7c7b3          	div	a5,a5,a3
    1518:	02d7c7b3          	div	a5,a5,a3
    151c:	02d7c7b3          	div	a5,a5,a3
    1520:	02d7c7b3          	div	a5,a5,a3
    1524:	02d7c7b3          	div	a5,a5,a3
    1528:	02d7c7b3          	div	a5,a5,a3
    152c:	fff70713          	addi	a4,a4,-1
    1530:	f2071ee3          	bnez	a4,146c <run_benchmarks+0x1038>
    1534:	80000437          	lui	s0,0x80000
    1538:	00042783          	lw	a5,0(s0) # 80000000 <_heap_end+0x30000000>
    hundredths = (cycles * 100u + ops / 2u) / ops;
    153c:	06400813          	li	a6,100
    1540:	000018b7          	lui	a7,0x1
    MICRO2("div", "div %0, %0, %1", "+r"(a), "r"(b));
    1544:	00f60633          	add	a2,a2,a5
    1548:	40a60633          	sub	a2,a2,a0
    154c:	40b60633          	sub	a2,a2,a1
    hundredths = (cycles * 100u + ops / 2u) / ops;
    1550:	030607b3          	mul	a5,a2,a6
    printf("  %-26s %8u cyc  %7u ops  %3u.%02u cyc/op\r\n",
    1554:	51eb8737          	lui	a4,0x51eb8
    1558:	51f70713          	addi	a4,a4,1311 # 51eb851f <_heap_end+0x1eb851f>
    155c:	000035b7          	lui	a1,0x3
    1560:	30c58593          	addi	a1,a1,780 # 330c <uart_putc+0x138>
    1564:	000026b7          	lui	a3,0x2
    1568:	28498513          	addi	a0,s3,644
    a = 0x7FFFFFFF;
    156c:	fff40413          	addi	s0,s0,-1
    hundredths = (cycles * 100u + ops / 2u) / ops;
    1570:	011787b3          	add	a5,a5,a7
    1574:	00d7d793          	srli	a5,a5,0xd
    printf("  %-26s %8u cyc  %7u ops  %3u.%02u cyc/op\r\n",
    1578:	02e7b733          	mulhu	a4,a5,a4
    157c:	00575713          	srli	a4,a4,0x5
    1580:	03070833          	mul	a6,a4,a6
    1584:	410787b3          	sub	a5,a5,a6
    1588:	375010ef          	jal	30fc <printf>
    158c:	00142603          	lw	a2,1(s0)
    1590:	10000793          	li	a5,256
    MICRO2("rem", "rem %0, %0, %1", "+r"(a), "r"(b));
    1594:	00700713          	li	a4,7
    1598:	02e46433          	rem	s0,s0,a4
    159c:	02e46433          	rem	s0,s0,a4
    15a0:	02e46433          	rem	s0,s0,a4
    15a4:	02e46433          	rem	s0,s0,a4
    15a8:	02e46433          	rem	s0,s0,a4
    15ac:	02e46433          	rem	s0,s0,a4
    15b0:	02e46433          	rem	s0,s0,a4
    15b4:	02e46433          	rem	s0,s0,a4
    15b8:	02e46433          	rem	s0,s0,a4
    15bc:	02e46433          	rem	s0,s0,a4
    15c0:	02e46433          	rem	s0,s0,a4
    15c4:	02e46433          	rem	s0,s0,a4
    15c8:	02e46433          	rem	s0,s0,a4
    15cc:	02e46433          	rem	s0,s0,a4
    15d0:	02e46433          	rem	s0,s0,a4
    15d4:	02e46433          	rem	s0,s0,a4
    15d8:	fff78793          	addi	a5,a5,-1
    15dc:	fa079ee3          	bnez	a5,1598 <run_benchmarks+0x1164>
    15e0:	800007b7          	lui	a5,0x80000
    15e4:	0007a683          	lw	a3,0(a5) # 80000000 <_heap_end+0x30000000>
    15e8:	00700713          	li	a4,7
    15ec:	0007a583          	lw	a1,0(a5)
    15f0:	10000793          	li	a5,256
    15f4:	02e46433          	rem	s0,s0,a4
    15f8:	02e46433          	rem	s0,s0,a4
    15fc:	02e46433          	rem	s0,s0,a4
    1600:	02e46433          	rem	s0,s0,a4
    1604:	02e46433          	rem	s0,s0,a4
    1608:	02e46433          	rem	s0,s0,a4
    160c:	02e46433          	rem	s0,s0,a4
    1610:	02e46433          	rem	s0,s0,a4
    1614:	02e46433          	rem	s0,s0,a4
    1618:	02e46433          	rem	s0,s0,a4
    161c:	02e46433          	rem	s0,s0,a4
    1620:	02e46433          	rem	s0,s0,a4
    1624:	02e46433          	rem	s0,s0,a4
    1628:	02e46433          	rem	s0,s0,a4
    162c:	02e46433          	rem	s0,s0,a4
    1630:	02e46433          	rem	s0,s0,a4
    1634:	02e46433          	rem	s0,s0,a4
    1638:	02e46433          	rem	s0,s0,a4
    163c:	02e46433          	rem	s0,s0,a4
    1640:	02e46433          	rem	s0,s0,a4
    1644:	02e46433          	rem	s0,s0,a4
    1648:	02e46433          	rem	s0,s0,a4
    164c:	02e46433          	rem	s0,s0,a4
    1650:	02e46433          	rem	s0,s0,a4
    1654:	02e46433          	rem	s0,s0,a4
    1658:	02e46433          	rem	s0,s0,a4
    165c:	02e46433          	rem	s0,s0,a4
    1660:	02e46433          	rem	s0,s0,a4
    1664:	02e46433          	rem	s0,s0,a4
    1668:	02e46433          	rem	s0,s0,a4
    166c:	02e46433          	rem	s0,s0,a4
    1670:	02e46433          	rem	s0,s0,a4
    1674:	02e46433          	rem	s0,s0,a4
    1678:	02e46433          	rem	s0,s0,a4
    167c:	02e46433          	rem	s0,s0,a4
    1680:	02e46433          	rem	s0,s0,a4
    1684:	02e46433          	rem	s0,s0,a4
    1688:	02e46433          	rem	s0,s0,a4
    168c:	02e46433          	rem	s0,s0,a4
    1690:	02e46433          	rem	s0,s0,a4
    1694:	02e46433          	rem	s0,s0,a4
    1698:	02e46433          	rem	s0,s0,a4
    169c:	02e46433          	rem	s0,s0,a4
    16a0:	02e46433          	rem	s0,s0,a4
    16a4:	02e46433          	rem	s0,s0,a4
    16a8:	02e46433          	rem	s0,s0,a4
    16ac:	02e46433          	rem	s0,s0,a4
    16b0:	02e46433          	rem	s0,s0,a4
    16b4:	fff78793          	addi	a5,a5,-1
    16b8:	f2079ee3          	bnez	a5,15f4 <run_benchmarks+0x11c0>
    16bc:	800004b7          	lui	s1,0x80000
    16c0:	0004a783          	lw	a5,0(s1) # 80000000 <_heap_end+0x30000000>
    hundredths = (cycles * 100u + ops / 2u) / ops;
    16c4:	06400813          	li	a6,100
    16c8:	000018b7          	lui	a7,0x1
    MICRO2("rem", "rem %0, %0, %1", "+r"(a), "r"(b));
    16cc:	00f60633          	add	a2,a2,a5
    16d0:	40b60633          	sub	a2,a2,a1
    16d4:	40d60633          	sub	a2,a2,a3
    hundredths = (cycles * 100u + ops / 2u) / ops;
    16d8:	030607b3          	mul	a5,a2,a6
    printf("  %-26s %8u cyc  %7u ops  %3u.%02u cyc/op\r\n",
    16dc:	51eb8737          	lui	a4,0x51eb8
    16e0:	51f70713          	addi	a4,a4,1311 # 51eb851f <_heap_end+0x1eb851f>
    16e4:	000035b7          	lui	a1,0x3
    16e8:	31058593          	addi	a1,a1,784 # 3310 <uart_putc+0x13c>
    16ec:	000026b7          	lui	a3,0x2
    16f0:	28498513          	addi	a0,s3,644
    hundredths = (cycles * 100u + ops / 2u) / ops;
    16f4:	011787b3          	add	a5,a5,a7
    16f8:	00d7d793          	srli	a5,a5,0xd
    printf("  %-26s %8u cyc  %7u ops  %3u.%02u cyc/op\r\n",
    16fc:	02e7b733          	mulhu	a4,a5,a4
    1700:	00575713          	srli	a4,a4,0x5
    1704:	03070833          	mul	a6,a4,a6
    1708:	410787b3          	sub	a5,a5,a6
    170c:	1f1010ef          	jal	30fc <printf>
    printf("BRAM memory\r\n");
    1710:	00003537          	lui	a0,0x3
    1714:	31450513          	addi	a0,a0,788 # 3314 <uart_putc+0x140>
    sink = a;
    1718:	1c8aaa23          	sw	s0,468(s5)
    printf("BRAM memory\r\n");
    171c:	1e1010ef          	jal	30fc <printf>
    1720:	000037b7          	lui	a5,0x3
    1724:	0004a603          	lw	a2,0(s1)
    MICRO2("lw same address", "lw %0, 0(%1)", "=&r"(a), "r"(p));
    1728:	5d478493          	addi	s1,a5,1492 # 35d4 <bram_buf>
    172c:	10000793          	li	a5,256
    1730:	0004a703          	lw	a4,0(s1)
    1734:	0004a703          	lw	a4,0(s1)
    1738:	0004a703          	lw	a4,0(s1)
    173c:	0004a703          	lw	a4,0(s1)
    1740:	0004a703          	lw	a4,0(s1)
    1744:	0004a703          	lw	a4,0(s1)
    1748:	0004a703          	lw	a4,0(s1)
    174c:	0004a703          	lw	a4,0(s1)
    1750:	0004a703          	lw	a4,0(s1)
    1754:	0004a703          	lw	a4,0(s1)
    1758:	0004a703          	lw	a4,0(s1)
    175c:	0004a703          	lw	a4,0(s1)
    1760:	0004a703          	lw	a4,0(s1)
    1764:	0004a703          	lw	a4,0(s1)
    1768:	0004a703          	lw	a4,0(s1)
    176c:	0004a703          	lw	a4,0(s1)
    1770:	fff78793          	addi	a5,a5,-1
    1774:	fa079ee3          	bnez	a5,1730 <run_benchmarks+0x12fc>
    1778:	800007b7          	lui	a5,0x80000
    177c:	0007a703          	lw	a4,0(a5) # 80000000 <_heap_end+0x30000000>
    1780:	0007a683          	lw	a3,0(a5)
    1784:	10000793          	li	a5,256
    1788:	0004a903          	lw	s2,0(s1)
    178c:	0004a903          	lw	s2,0(s1)
    1790:	0004a903          	lw	s2,0(s1)
    1794:	0004a903          	lw	s2,0(s1)
    1798:	0004a903          	lw	s2,0(s1)
    179c:	0004a903          	lw	s2,0(s1)
    17a0:	0004a903          	lw	s2,0(s1)
    17a4:	0004a903          	lw	s2,0(s1)
    17a8:	0004a903          	lw	s2,0(s1)
    17ac:	0004a903          	lw	s2,0(s1)
    17b0:	0004a903          	lw	s2,0(s1)
    17b4:	0004a903          	lw	s2,0(s1)
    17b8:	0004a903          	lw	s2,0(s1)
    17bc:	0004a903          	lw	s2,0(s1)
    17c0:	0004a903          	lw	s2,0(s1)
    17c4:	0004a903          	lw	s2,0(s1)
    17c8:	0004a903          	lw	s2,0(s1)
    17cc:	0004a903          	lw	s2,0(s1)
    17d0:	0004a903          	lw	s2,0(s1)
    17d4:	0004a903          	lw	s2,0(s1)
    17d8:	0004a903          	lw	s2,0(s1)
    17dc:	0004a903          	lw	s2,0(s1)
    17e0:	0004a903          	lw	s2,0(s1)
    17e4:	0004a903          	lw	s2,0(s1)
    17e8:	0004a903          	lw	s2,0(s1)
    17ec:	0004a903          	lw	s2,0(s1)
    17f0:	0004a903          	lw	s2,0(s1)
    17f4:	0004a903          	lw	s2,0(s1)
    17f8:	0004a903          	lw	s2,0(s1)
    17fc:	0004a903          	lw	s2,0(s1)
    1800:	0004a903          	lw	s2,0(s1)
    1804:	0004a903          	lw	s2,0(s1)
    1808:	0004a903          	lw	s2,0(s1)
    180c:	0004a903          	lw	s2,0(s1)
    1810:	0004a903          	lw	s2,0(s1)
    1814:	0004a903          	lw	s2,0(s1)
    1818:	0004a903          	lw	s2,0(s1)
    181c:	0004a903          	lw	s2,0(s1)
    1820:	0004a903          	lw	s2,0(s1)
    1824:	0004a903          	lw	s2,0(s1)
    1828:	0004a903          	lw	s2,0(s1)
    182c:	0004a903          	lw	s2,0(s1)
    1830:	0004a903          	lw	s2,0(s1)
    1834:	0004a903          	lw	s2,0(s1)
    1838:	0004a903          	lw	s2,0(s1)
    183c:	0004a903          	lw	s2,0(s1)
    1840:	0004a903          	lw	s2,0(s1)
    1844:	0004a903          	lw	s2,0(s1)
    1848:	fff78793          	addi	a5,a5,-1
    184c:	f2079ee3          	bnez	a5,1788 <run_benchmarks+0x1354>
    1850:	80000437          	lui	s0,0x80000
    1854:	00042783          	lw	a5,0(s0) # 80000000 <_heap_end+0x30000000>
    hundredths = (cycles * 100u + ops / 2u) / ops;
    1858:	06400813          	li	a6,100
    185c:	000018b7          	lui	a7,0x1
    MICRO2("lw same address", "lw %0, 0(%1)", "=&r"(a), "r"(p));
    1860:	00f60633          	add	a2,a2,a5
    1864:	40d60633          	sub	a2,a2,a3
    1868:	40e60633          	sub	a2,a2,a4
    hundredths = (cycles * 100u + ops / 2u) / ops;
    186c:	030607b3          	mul	a5,a2,a6
    printf("  %-26s %8u cyc  %7u ops  %3u.%02u cyc/op\r\n",
    1870:	51eb8737          	lui	a4,0x51eb8
    1874:	51f70713          	addi	a4,a4,1311 # 51eb851f <_heap_end+0x1eb851f>
    1878:	000035b7          	lui	a1,0x3
    187c:	32458593          	addi	a1,a1,804 # 3324 <uart_putc+0x150>
    1880:	000026b7          	lui	a3,0x2
    1884:	28498513          	addi	a0,s3,644
    hundredths = (cycles * 100u + ops / 2u) / ops;
    1888:	011787b3          	add	a5,a5,a7
    188c:	00d7d793          	srli	a5,a5,0xd
    printf("  %-26s %8u cyc  %7u ops  %3u.%02u cyc/op\r\n",
    1890:	02e7b733          	mulhu	a4,a5,a4
    1894:	00575713          	srli	a4,a4,0x5
    1898:	03070833          	mul	a6,a4,a6
    189c:	410787b3          	sub	a5,a5,a6
    18a0:	05d010ef          	jal	30fc <printf>
    18a4:	00042603          	lw	a2,0(s0)
    18a8:	10000793          	li	a5,256
    MICRO2("sw same address", "sw %0, 0(%1)", "+r"(a), "r"(p));
    18ac:	0124a023          	sw	s2,0(s1)
    18b0:	0124a023          	sw	s2,0(s1)
    18b4:	0124a023          	sw	s2,0(s1)
    18b8:	0124a023          	sw	s2,0(s1)
    18bc:	0124a023          	sw	s2,0(s1)
    18c0:	0124a023          	sw	s2,0(s1)
    18c4:	0124a023          	sw	s2,0(s1)
    18c8:	0124a023          	sw	s2,0(s1)
    18cc:	0124a023          	sw	s2,0(s1)
    18d0:	0124a023          	sw	s2,0(s1)
    18d4:	0124a023          	sw	s2,0(s1)
    18d8:	0124a023          	sw	s2,0(s1)
    18dc:	0124a023          	sw	s2,0(s1)
    18e0:	0124a023          	sw	s2,0(s1)
    18e4:	0124a023          	sw	s2,0(s1)
    18e8:	0124a023          	sw	s2,0(s1)
    18ec:	fff78793          	addi	a5,a5,-1
    18f0:	fa079ee3          	bnez	a5,18ac <run_benchmarks+0x1478>
    18f4:	800007b7          	lui	a5,0x80000
    18f8:	0007a703          	lw	a4,0(a5) # 80000000 <_heap_end+0x30000000>
    18fc:	0007a783          	lw	a5,0(a5)
    1900:	10000413          	li	s0,256
    1904:	0124a023          	sw	s2,0(s1)
    1908:	0124a023          	sw	s2,0(s1)
    190c:	0124a023          	sw	s2,0(s1)
    1910:	0124a023          	sw	s2,0(s1)
    1914:	0124a023          	sw	s2,0(s1)
    1918:	0124a023          	sw	s2,0(s1)
    191c:	0124a023          	sw	s2,0(s1)
    1920:	0124a023          	sw	s2,0(s1)
    1924:	0124a023          	sw	s2,0(s1)
    1928:	0124a023          	sw	s2,0(s1)
    192c:	0124a023          	sw	s2,0(s1)
    1930:	0124a023          	sw	s2,0(s1)
    1934:	0124a023          	sw	s2,0(s1)
    1938:	0124a023          	sw	s2,0(s1)
    193c:	0124a023          	sw	s2,0(s1)
    1940:	0124a023          	sw	s2,0(s1)
    1944:	0124a023          	sw	s2,0(s1)
    1948:	0124a023          	sw	s2,0(s1)
    194c:	0124a023          	sw	s2,0(s1)
    1950:	0124a023          	sw	s2,0(s1)
    1954:	0124a023          	sw	s2,0(s1)
    1958:	0124a023          	sw	s2,0(s1)
    195c:	0124a023          	sw	s2,0(s1)
    1960:	0124a023          	sw	s2,0(s1)
    1964:	0124a023          	sw	s2,0(s1)
    1968:	0124a023          	sw	s2,0(s1)
    196c:	0124a023          	sw	s2,0(s1)
    1970:	0124a023          	sw	s2,0(s1)
    1974:	0124a023          	sw	s2,0(s1)
    1978:	0124a023          	sw	s2,0(s1)
    197c:	0124a023          	sw	s2,0(s1)
    1980:	0124a023          	sw	s2,0(s1)
    1984:	0124a023          	sw	s2,0(s1)
    1988:	0124a023          	sw	s2,0(s1)
    198c:	0124a023          	sw	s2,0(s1)
    1990:	0124a023          	sw	s2,0(s1)
    1994:	0124a023          	sw	s2,0(s1)
    1998:	0124a023          	sw	s2,0(s1)
    199c:	0124a023          	sw	s2,0(s1)
    19a0:	0124a023          	sw	s2,0(s1)
    19a4:	0124a023          	sw	s2,0(s1)
    19a8:	0124a023          	sw	s2,0(s1)
    19ac:	0124a023          	sw	s2,0(s1)
    19b0:	0124a023          	sw	s2,0(s1)
    19b4:	0124a023          	sw	s2,0(s1)
    19b8:	0124a023          	sw	s2,0(s1)
    19bc:	0124a023          	sw	s2,0(s1)
    19c0:	0124a023          	sw	s2,0(s1)
    19c4:	fff40413          	addi	s0,s0,-1
    19c8:	f2041ee3          	bnez	s0,1904 <run_benchmarks+0x14d0>
    19cc:	80000b37          	lui	s6,0x80000
    19d0:	000b2683          	lw	a3,0(s6) # 80000000 <_heap_end+0x30000000>
    hundredths = (cycles * 100u + ops / 2u) / ops;
    19d4:	06400813          	li	a6,100
    19d8:	000018b7          	lui	a7,0x1
    MICRO2("sw same address", "sw %0, 0(%1)", "+r"(a), "r"(p));
    19dc:	00d60633          	add	a2,a2,a3
    19e0:	40f60633          	sub	a2,a2,a5
    19e4:	40e60633          	sub	a2,a2,a4
    hundredths = (cycles * 100u + ops / 2u) / ops;
    19e8:	030607b3          	mul	a5,a2,a6
    printf("  %-26s %8u cyc  %7u ops  %3u.%02u cyc/op\r\n",
    19ec:	51eb8737          	lui	a4,0x51eb8
    19f0:	51f70713          	addi	a4,a4,1311 # 51eb851f <_heap_end+0x1eb851f>
    19f4:	000035b7          	lui	a1,0x3
    19f8:	000026b7          	lui	a3,0x2
    19fc:	33458593          	addi	a1,a1,820 # 3334 <uart_putc+0x160>
    1a00:	28498513          	addi	a0,s3,644
    1a04:	00048b93          	mv	s7,s1
    hundredths = (cycles * 100u + ops / 2u) / ops;
    1a08:	011787b3          	add	a5,a5,a7
    1a0c:	00d7d793          	srli	a5,a5,0xd
    printf("  %-26s %8u cyc  %7u ops  %3u.%02u cyc/op\r\n",
    1a10:	02e7b733          	mulhu	a4,a5,a4
    1a14:	00575713          	srli	a4,a4,0x5
    1a18:	03070833          	mul	a6,a4,a6
    1a1c:	410787b3          	sub	a5,a5,a6
    1a20:	6dc010ef          	jal	30fc <printf>
    printf("memory patterns (%u KB working set)\r\n", (n * 4u) / 1024u);
    1a24:	00003537          	lui	a0,0x3
    1a28:	01000593          	li	a1,16
    1a2c:	34450513          	addi	a0,a0,836 # 3344 <uart_putc+0x170>
    sink = a;
    1a30:	1d2aaa23          	sw	s2,468(s5)
    printf("memory patterns (%u KB working set)\r\n", (n * 4u) / 1024u);
    1a34:	6c8010ef          	jal	30fc <printf>
    1a38:	000b2583          	lw	a1,0(s6)
    for (i = 0; i < 512u; i++) { acc += bram_buf[i]; }
    1a3c:	7ff48693          	addi	a3,s1,2047
    1a40:	00168693          	addi	a3,a3,1 # 2001 <run_benchmarks+0x1bcd>
    1a44:	00048793          	mv	a5,s1
    unsigned int acc = 0;
    1a48:	00000913          	li	s2,0
    for (i = 0; i < 512u; i++) { acc += bram_buf[i]; }
    1a4c:	0007a703          	lw	a4,0(a5)
    1a50:	00478793          	addi	a5,a5,4
    1a54:	00e90933          	add	s2,s2,a4
    1a58:	fed79ae3          	bne	a5,a3,1a4c <run_benchmarks+0x1618>
    1a5c:	80000b37          	lui	s6,0x80000
    1a60:	000b2603          	lw	a2,0(s6) # 80000000 <_heap_end+0x30000000>
    hundredths = (cycles * 100u + ops / 2u) / ops;
    1a64:	06400813          	li	a6,100
    printf("  %-26s %8u cyc  %7u ops  %3u.%02u cyc/op\r\n",
    1a68:	51eb8737          	lui	a4,0x51eb8
/// across the counter wrap, which happens every 52.9 s at 81.25 MHz, as long
/// as the interval being measured is shorter than that.
/// </summary>
static inline unsigned int elapsed_cycles(unsigned int start)
{
    return read_timer() - start;
    1a6c:	40b60633          	sub	a2,a2,a1
    hundredths = (cycles * 100u + ops / 2u) / ops;
    1a70:	030607b3          	mul	a5,a2,a6
    printf("  %-26s %8u cyc  %7u ops  %3u.%02u cyc/op\r\n",
    1a74:	51f70713          	addi	a4,a4,1311 # 51eb851f <_heap_end+0x1eb851f>
    1a78:	000035b7          	lui	a1,0x3
    1a7c:	36c58593          	addi	a1,a1,876 # 336c <uart_putc+0x198>
    1a80:	20000693          	li	a3,512
    1a84:	28498513          	addi	a0,s3,644
    hundredths = (cycles * 100u + ops / 2u) / ops;
    1a88:	10078793          	addi	a5,a5,256
    1a8c:	0097d793          	srli	a5,a5,0x9
    printf("  %-26s %8u cyc  %7u ops  %3u.%02u cyc/op\r\n",
    1a90:	02e7b733          	mulhu	a4,a5,a4
    1a94:	00575713          	srli	a4,a4,0x5
    1a98:	03070833          	mul	a6,a4,a6
    1a9c:	410787b3          	sub	a5,a5,a6
    1aa0:	65c010ef          	jal	30fc <printf>
    return *((volatile unsigned int*)addr);
    1aa4:	000b2583          	lw	a1,0(s6)
    1aa8:	00048793          	mv	a5,s1
    for (i = 0; i < 512u; i++) { bram_buf[i] = i; }
    1aac:	00000693          	li	a3,0
    1ab0:	20000713          	li	a4,512
    1ab4:	00d7a023          	sw	a3,0(a5)
    1ab8:	00168693          	addi	a3,a3,1
    1abc:	00478793          	addi	a5,a5,4
    1ac0:	fee69ae3          	bne	a3,a4,1ab4 <run_benchmarks+0x1680>
    1ac4:	80000b37          	lui	s6,0x80000
    1ac8:	000b2603          	lw	a2,0(s6) # 80000000 <_heap_end+0x30000000>
    hundredths = (cycles * 100u + ops / 2u) / ops;
    1acc:	06400813          	li	a6,100
    printf("  %-26s %8u cyc  %7u ops  %3u.%02u cyc/op\r\n",
    1ad0:	51eb8737          	lui	a4,0x51eb8
    return read_timer() - start;
    1ad4:	40b60633          	sub	a2,a2,a1
    hundredths = (cycles * 100u + ops / 2u) / ops;
    1ad8:	030607b3          	mul	a5,a2,a6
    printf("  %-26s %8u cyc  %7u ops  %3u.%02u cyc/op\r\n",
    1adc:	51f70713          	addi	a4,a4,1311 # 51eb851f <_heap_end+0x1eb851f>
    1ae0:	000035b7          	lui	a1,0x3
    1ae4:	37c58593          	addi	a1,a1,892 # 337c <uart_putc+0x1a8>
    1ae8:	28498513          	addi	a0,s3,644
    hundredths = (cycles * 100u + ops / 2u) / ops;
    1aec:	10078793          	addi	a5,a5,256
    1af0:	0097d793          	srli	a5,a5,0x9
    printf("  %-26s %8u cyc  %7u ops  %3u.%02u cyc/op\r\n",
    1af4:	02e7b733          	mulhu	a4,a5,a4
    1af8:	00575713          	srli	a4,a4,0x5
    1afc:	03070833          	mul	a6,a4,a6
    1b00:	410787b3          	sub	a5,a5,a6
    1b04:	5f8010ef          	jal	30fc <printf>
    if (ddr_buf == 0) { printf("  (no DDR buffer, skipping DDR tests)\r\n"); return; }
    1b08:	1d8a2783          	lw	a5,472(s4)
    1b0c:	56078663          	beqz	a5,2078 <run_benchmarks+0x1c44>
    return *((volatile unsigned int*)addr);
    1b10:	000b2583          	lw	a1,0(s6)
    for (i = 0; i < n; i++) { ddr_buf[i] = i; }
    1b14:	00000693          	li	a3,0
    1b18:	00001737          	lui	a4,0x1
    1b1c:	00d7a023          	sw	a3,0(a5)
    1b20:	00168693          	addi	a3,a3,1
    1b24:	00478793          	addi	a5,a5,4
    1b28:	fee69ae3          	bne	a3,a4,1b1c <run_benchmarks+0x16e8>
    1b2c:	800007b7          	lui	a5,0x80000
    1b30:	0007a603          	lw	a2,0(a5) # 80000000 <_heap_end+0x30000000>
    hundredths = (cycles * 100u + ops / 2u) / ops;
    1b34:	06400813          	li	a6,100
    printf("  %-26s %8u cyc  %7u ops  %3u.%02u cyc/op\r\n",
    1b38:	51eb8737          	lui	a4,0x51eb8
    return read_timer() - start;
    1b3c:	40b60633          	sub	a2,a2,a1
    hundredths = (cycles * 100u + ops / 2u) / ops;
    1b40:	030607b3          	mul	a5,a2,a6
    printf("  %-26s %8u cyc  %7u ops  %3u.%02u cyc/op\r\n",
    1b44:	51f70713          	addi	a4,a4,1311 # 51eb851f <_heap_end+0x1eb851f>
    1b48:	000038b7          	lui	a7,0x3
    1b4c:	3b488593          	addi	a1,a7,948 # 33b4 <uart_putc+0x1e0>
    1b50:	28498513          	addi	a0,s3,644
    1b54:	00c12623          	sw	a2,12(sp)
    hundredths = (cycles * 100u + ops / 2u) / ops;
    1b58:	7ff78793          	addi	a5,a5,2047
    1b5c:	00178793          	addi	a5,a5,1
    1b60:	00c7d793          	srli	a5,a5,0xc
    printf("  %-26s %8u cyc  %7u ops  %3u.%02u cyc/op\r\n",
    1b64:	02e7b733          	mulhu	a4,a5,a4
    1b68:	00575713          	srli	a4,a4,0x5
    1b6c:	03070833          	mul	a6,a4,a6
    1b70:	410787b3          	sub	a5,a5,a6
    1b74:	588010ef          	jal	30fc <printf>
    if (cycles != 0) { mbps = (bytes / 100u) * 8125u / cycles; }
    1b78:	00c12603          	lw	a2,12(sp)
    unsigned int mbps = 0;
    1b7c:	00000713          	li	a4,0
    if (cycles != 0) { mbps = (bytes / 100u) * 8125u / cycles; }
    1b80:	000038b7          	lui	a7,0x3
    1b84:	4a061263          	bnez	a2,2028 <run_benchmarks+0x1bf4>
    printf("  %-26s %8u cyc  %7u B   %5u MB/s\r\n", name, cycles, bytes, mbps);
    1b88:	00003b37          	lui	s6,0x3
    1b8c:	3b488593          	addi	a1,a7,948 # 33b4 <uart_putc+0x1e0>
    1b90:	000046b7          	lui	a3,0x4
    1b94:	3c4b0513          	addi	a0,s6,964 # 33c4 <uart_putc+0x1f0>
    1b98:	564010ef          	jal	30fc <printf>
    return *((volatile unsigned int*)addr);
    1b9c:	1d8a2783          	lw	a5,472(s4)
    1ba0:	80000737          	lui	a4,0x80000
    1ba4:	00072583          	lw	a1,0(a4) # 80000000 <_heap_end+0x30000000>
    for (i = 0; i < n; i++) { acc += ddr_buf[i]; }
    1ba8:	000046b7          	lui	a3,0x4
    1bac:	00d786b3          	add	a3,a5,a3
    1bb0:	0007a703          	lw	a4,0(a5)
    1bb4:	00478793          	addi	a5,a5,4
    1bb8:	00e90933          	add	s2,s2,a4
    1bbc:	fed79ae3          	bne	a5,a3,1bb0 <run_benchmarks+0x177c>
    1bc0:	800007b7          	lui	a5,0x80000
    1bc4:	0007a603          	lw	a2,0(a5) # 80000000 <_heap_end+0x30000000>
    hundredths = (cycles * 100u + ops / 2u) / ops;
    1bc8:	06400813          	li	a6,100
    printf("  %-26s %8u cyc  %7u ops  %3u.%02u cyc/op\r\n",
    1bcc:	51eb8737          	lui	a4,0x51eb8
    return read_timer() - start;
    1bd0:	40b60633          	sub	a2,a2,a1
    hundredths = (cycles * 100u + ops / 2u) / ops;
    1bd4:	030607b3          	mul	a5,a2,a6
    printf("  %-26s %8u cyc  %7u ops  %3u.%02u cyc/op\r\n",
    1bd8:	51f70713          	addi	a4,a4,1311 # 51eb851f <_heap_end+0x1eb851f>
    1bdc:	000038b7          	lui	a7,0x3
    1be0:	3e888593          	addi	a1,a7,1000 # 33e8 <uart_putc+0x214>
    1be4:	000016b7          	lui	a3,0x1
    1be8:	28498513          	addi	a0,s3,644
    1bec:	00c12623          	sw	a2,12(sp)
    hundredths = (cycles * 100u + ops / 2u) / ops;
    1bf0:	7ff78793          	addi	a5,a5,2047
    1bf4:	00178793          	addi	a5,a5,1
    1bf8:	00c7d793          	srli	a5,a5,0xc
    printf("  %-26s %8u cyc  %7u ops  %3u.%02u cyc/op\r\n",
    1bfc:	02e7b733          	mulhu	a4,a5,a4
    1c00:	00575713          	srli	a4,a4,0x5
    1c04:	03070833          	mul	a6,a4,a6
    1c08:	410787b3          	sub	a5,a5,a6
    1c0c:	4f0010ef          	jal	30fc <printf>
    if (cycles != 0) { mbps = (bytes / 100u) * 8125u / cycles; }
    1c10:	00c12603          	lw	a2,12(sp)
    unsigned int mbps = 0;
    1c14:	00000713          	li	a4,0
    if (cycles != 0) { mbps = (bytes / 100u) * 8125u / cycles; }
    1c18:	000038b7          	lui	a7,0x3
    1c1c:	3e061e63          	bnez	a2,2018 <run_benchmarks+0x1be4>
    printf("  %-26s %8u cyc  %7u B   %5u MB/s\r\n", name, cycles, bytes, mbps);
    1c20:	3e888593          	addi	a1,a7,1000 # 33e8 <uart_putc+0x214>
    1c24:	000046b7          	lui	a3,0x4
    1c28:	3c4b0513          	addi	a0,s6,964
    1c2c:	4d0010ef          	jal	30fc <printf>
    return *((volatile unsigned int*)addr);
    1c30:	1d8a2783          	lw	a5,472(s4)
    1c34:	80000737          	lui	a4,0x80000
    1c38:	00072583          	lw	a1,0(a4) # 80000000 <_heap_end+0x30000000>
    for (i = 0; i < 256u; i++) { acc += ddr_buf[i * 16u]; }
    1c3c:	000046b7          	lui	a3,0x4
    1c40:	00d786b3          	add	a3,a5,a3
    1c44:	0007a703          	lw	a4,0(a5)
    1c48:	04078793          	addi	a5,a5,64
    1c4c:	00e90933          	add	s2,s2,a4
    1c50:	fef69ae3          	bne	a3,a5,1c44 <run_benchmarks+0x1810>
    1c54:	800008b7          	lui	a7,0x80000
    1c58:	0008a603          	lw	a2,0(a7) # 80000000 <_heap_end+0x30000000>
    hundredths = (cycles * 100u + ops / 2u) / ops;
    1c5c:	06400813          	li	a6,100
    printf("  %-26s %8u cyc  %7u ops  %3u.%02u cyc/op\r\n",
    1c60:	51eb8737          	lui	a4,0x51eb8
    return read_timer() - start;
    1c64:	40b60633          	sub	a2,a2,a1
    hundredths = (cycles * 100u + ops / 2u) / ops;
    1c68:	030607b3          	mul	a5,a2,a6
    printf("  %-26s %8u cyc  %7u ops  %3u.%02u cyc/op\r\n",
    1c6c:	51f70713          	addi	a4,a4,1311 # 51eb851f <_heap_end+0x1eb851f>
    1c70:	000035b7          	lui	a1,0x3
    1c74:	3f858593          	addi	a1,a1,1016 # 33f8 <uart_putc+0x224>
    1c78:	10000693          	li	a3,256
    1c7c:	28498513          	addi	a0,s3,644
    hundredths = (cycles * 100u + ops / 2u) / ops;
    1c80:	08078793          	addi	a5,a5,128
    1c84:	0087d793          	srli	a5,a5,0x8
    printf("  %-26s %8u cyc  %7u ops  %3u.%02u cyc/op\r\n",
    1c88:	02e7b733          	mulhu	a4,a5,a4
    1c8c:	00575713          	srli	a4,a4,0x5
    1c90:	03070833          	mul	a6,a4,a6
    1c94:	410787b3          	sub	a5,a5,a6
    1c98:	464010ef          	jal	30fc <printf>
    return *((volatile unsigned int*)addr);
    1c9c:	1d8a2783          	lw	a5,472(s4)
    1ca0:	800008b7          	lui	a7,0x80000
    1ca4:	0008a583          	lw	a1,0(a7) # 80000000 <_heap_end+0x30000000>
    for (i = 0; i < 1024u; i++) { ddr_buf[i] = ddr_buf[i] + 1u; }
    1ca8:	000016b7          	lui	a3,0x1
    1cac:	00d786b3          	add	a3,a5,a3
    1cb0:	0007a703          	lw	a4,0(a5)
    1cb4:	00478793          	addi	a5,a5,4
    1cb8:	00170713          	addi	a4,a4,1
    1cbc:	fee7ae23          	sw	a4,-4(a5)
    1cc0:	fed798e3          	bne	a5,a3,1cb0 <run_benchmarks+0x187c>
    1cc4:	800007b7          	lui	a5,0x80000
    1cc8:	0007a603          	lw	a2,0(a5) # 80000000 <_heap_end+0x30000000>
    hundredths = (cycles * 100u + ops / 2u) / ops;
    1ccc:	06400813          	li	a6,100
    printf("  %-26s %8u cyc  %7u ops  %3u.%02u cyc/op\r\n",
    1cd0:	51eb8737          	lui	a4,0x51eb8
    return read_timer() - start;
    1cd4:	40b60633          	sub	a2,a2,a1
    hundredths = (cycles * 100u + ops / 2u) / ops;
    1cd8:	030607b3          	mul	a5,a2,a6
    printf("  %-26s %8u cyc  %7u ops  %3u.%02u cyc/op\r\n",
    1cdc:	51f70713          	addi	a4,a4,1311 # 51eb851f <_heap_end+0x1eb851f>
    1ce0:	000035b7          	lui	a1,0x3
    1ce4:	41458593          	addi	a1,a1,1044 # 3414 <uart_putc+0x240>
    1ce8:	40000693          	li	a3,1024
    1cec:	28498513          	addi	a0,s3,644
    hundredths = (cycles * 100u + ops / 2u) / ops;
    1cf0:	20078793          	addi	a5,a5,512
    1cf4:	00a7d793          	srli	a5,a5,0xa
    printf("  %-26s %8u cyc  %7u ops  %3u.%02u cyc/op\r\n",
    1cf8:	02e7b733          	mulhu	a4,a5,a4
    1cfc:	00575713          	srli	a4,a4,0x5
    1d00:	03070833          	mul	a6,a4,a6
    1d04:	410787b3          	sub	a5,a5,a6
    1d08:	3f4010ef          	jal	30fc <printf>
    sink = acc;
    1d0c:	1d2aaa23          	sw	s2,468(s5)
    printf("copies\r\n");
    1d10:	00003537          	lui	a0,0x3
    1d14:	42c50513          	addi	a0,a0,1068 # 342c <uart_putc+0x258>
    1d18:	3e4010ef          	jal	30fc <printf>
    return *((volatile unsigned int*)addr);
    1d1c:	800007b7          	lui	a5,0x80000
    1d20:	0007a683          	lw	a3,0(a5) # 80000000 <_heap_end+0x30000000>
    for (i = 0; i < 256u; i++) { bram_buf[i] = bram_buf[i + 256u]; }
    1d24:	40048913          	addi	s2,s1,1024
    1d28:	00048793          	mv	a5,s1
    1d2c:	4007a703          	lw	a4,1024(a5)
    1d30:	00478793          	addi	a5,a5,4
    1d34:	fee7ae23          	sw	a4,-4(a5)
    1d38:	fef91ae3          	bne	s2,a5,1d2c <run_benchmarks+0x18f8>
    1d3c:	800007b7          	lui	a5,0x80000
    1d40:	0007a783          	lw	a5,0(a5) # 80000000 <_heap_end+0x30000000>
    unsigned int mbps = 0;
    1d44:	00000713          	li	a4,0
    return read_timer() - start;
    1d48:	40d78633          	sub	a2,a5,a3
    if (cycles != 0) { mbps = (bytes / 100u) * 8125u / cycles; }
    1d4c:	00d78863          	beq	a5,a3,1d5c <run_benchmarks+0x1928>
    1d50:	00014737          	lui	a4,0x14
    1d54:	d6270713          	addi	a4,a4,-670 # 13d62 <nblocks+0xfb82>
    1d58:	02c75733          	divu	a4,a4,a2
    printf("  %-26s %8u cyc  %7u B   %5u MB/s\r\n", name, cycles, bytes, mbps);
    1d5c:	000035b7          	lui	a1,0x3
    1d60:	43858593          	addi	a1,a1,1080 # 3438 <uart_putc+0x264>
    1d64:	40000693          	li	a3,1024
    1d68:	3c4b0513          	addi	a0,s6,964
    1d6c:	390010ef          	jal	30fc <printf>
    if (ddr_buf == 0) { return; }
    1d70:	1d8a2703          	lw	a4,472(s4)
    1d74:	0e070463          	beqz	a4,1e5c <run_benchmarks+0x1a28>
    return *((volatile unsigned int*)addr);
    1d78:	800007b7          	lui	a5,0x80000
    1d7c:	0007a583          	lw	a1,0(a5) # 80000000 <_heap_end+0x30000000>
    1d80:	00048793          	mv	a5,s1
    for (i = 0; i < 256u; i++) { ddr_buf[i] = bram_buf[i]; }
    1d84:	0007a683          	lw	a3,0(a5)
    1d88:	00478793          	addi	a5,a5,4
    1d8c:	00470713          	addi	a4,a4,4
    1d90:	fed72e23          	sw	a3,-4(a4)
    1d94:	fef918e3          	bne	s2,a5,1d84 <run_benchmarks+0x1950>
    1d98:	800007b7          	lui	a5,0x80000
    1d9c:	0007a783          	lw	a5,0(a5) # 80000000 <_heap_end+0x30000000>
    unsigned int mbps = 0;
    1da0:	00000713          	li	a4,0
    return read_timer() - start;
    1da4:	40b78633          	sub	a2,a5,a1
    if (cycles != 0) { mbps = (bytes / 100u) * 8125u / cycles; }
    1da8:	2ab79863          	bne	a5,a1,2058 <run_benchmarks+0x1c24>
    printf("  %-26s %8u cyc  %7u B   %5u MB/s\r\n", name, cycles, bytes, mbps);
    1dac:	000035b7          	lui	a1,0x3
    1db0:	40000693          	li	a3,1024
    1db4:	44858593          	addi	a1,a1,1096 # 3448 <uart_putc+0x274>
    1db8:	3c4b0513          	addi	a0,s6,964
    1dbc:	340010ef          	jal	30fc <printf>
    return *((volatile unsigned int*)addr);
    1dc0:	80000737          	lui	a4,0x80000
    1dc4:	1d8a2783          	lw	a5,472(s4)
    1dc8:	00072683          	lw	a3,0(a4) # 80000000 <_heap_end+0x30000000>
    for (i = 0; i < 256u; i++) { bram_buf[i] = ddr_buf[i]; }
    1dcc:	0007a703          	lw	a4,0(a5)
    1dd0:	004b8b93          	addi	s7,s7,4
    1dd4:	00478793          	addi	a5,a5,4
    1dd8:	feebae23          	sw	a4,-4(s7)
    1ddc:	ff7918e3          	bne	s2,s7,1dcc <run_benchmarks+0x1998>
    1de0:	800007b7          	lui	a5,0x80000
    1de4:	0007a783          	lw	a5,0(a5) # 80000000 <_heap_end+0x30000000>
    unsigned int mbps = 0;
    1de8:	00000713          	li	a4,0
    return read_timer() - start;
    1dec:	40d78633          	sub	a2,a5,a3
    if (cycles != 0) { mbps = (bytes / 100u) * 8125u / cycles; }
    1df0:	24d79c63          	bne	a5,a3,2048 <run_benchmarks+0x1c14>
    printf("  %-26s %8u cyc  %7u B   %5u MB/s\r\n", name, cycles, bytes, mbps);
    1df4:	000035b7          	lui	a1,0x3
    1df8:	45458593          	addi	a1,a1,1108 # 3454 <uart_putc+0x280>
    1dfc:	40000693          	li	a3,1024
    1e00:	3c4b0513          	addi	a0,s6,964
    1e04:	2f8010ef          	jal	30fc <printf>
    return *((volatile unsigned int*)addr);
    1e08:	1d8a2783          	lw	a5,472(s4)
    1e0c:	00002637          	lui	a2,0x2
    1e10:	80000737          	lui	a4,0x80000
    1e14:	00c78633          	add	a2,a5,a2
    1e18:	00072583          	lw	a1,0(a4) # 80000000 <_heap_end+0x30000000>
    for (i = 0; i < n; i++) { ddr_buf[i + n] = ddr_buf[i]; }
    1e1c:	00060713          	mv	a4,a2
    1e20:	0007a683          	lw	a3,0(a5)
    1e24:	00478793          	addi	a5,a5,4
    1e28:	00470713          	addi	a4,a4,4
    1e2c:	fed72e23          	sw	a3,-4(a4)
    1e30:	fef618e3          	bne	a2,a5,1e20 <run_benchmarks+0x19ec>
    1e34:	800007b7          	lui	a5,0x80000
    1e38:	0007a783          	lw	a5,0(a5) # 80000000 <_heap_end+0x30000000>
    unsigned int mbps = 0;
    1e3c:	00000713          	li	a4,0
    return read_timer() - start;
    1e40:	40b78633          	sub	a2,a5,a1
    if (cycles != 0) { mbps = (bytes / 100u) * 8125u / cycles; }
    1e44:	1eb79a63          	bne	a5,a1,2038 <run_benchmarks+0x1c04>
    printf("  %-26s %8u cyc  %7u B   %5u MB/s\r\n", name, cycles, bytes, mbps);
    1e48:	000035b7          	lui	a1,0x3
    1e4c:	3c4b0513          	addi	a0,s6,964
    1e50:	46058593          	addi	a1,a1,1120 # 3460 <uart_putc+0x28c>
    1e54:	000026b7          	lui	a3,0x2
    1e58:	2a4010ef          	jal	30fc <printf>
    printf("workloads\r\n");
    1e5c:	00003537          	lui	a0,0x3
    1e60:	46c50513          	addi	a0,a0,1132 # 346c <uart_putc+0x298>
    1e64:	298010ef          	jal	30fc <printf>
    return *((volatile unsigned int*)addr);
    1e68:	800007b7          	lui	a5,0x80000
    1e6c:	0007ab83          	lw	s7,0(a5) # 80000000 <_heap_end+0x30000000>
    1e70:	00000913          	li	s2,0
    1e74:	01100493          	li	s1,17
    if (n < 2u) { return n; }
    1e78:	fff00b13          	li	s6,-1
    return fib(n - 1u) + fib(n - 2u);
    1e7c:	00048513          	mv	a0,s1
    1e80:	9d0fe0ef          	jal	50 <fib>
    if (n < 2u) { return n; }
    1e84:	ffe48493          	addi	s1,s1,-2
    1e88:	00a90933          	add	s2,s2,a0
    1e8c:	ff6498e3          	bne	s1,s6,1e7c <run_benchmarks+0x1a48>
    sink = fib(18u);
    1e90:	1d2aaa23          	sw	s2,468(s5)
    1e94:	80000ab7          	lui	s5,0x80000
    1e98:	000aa603          	lw	a2,0(s5) # 80000000 <_heap_end+0x30000000>
    hundredths = (cycles * 100u + ops / 2u) / ops;
    1e9c:	06400813          	li	a6,100
    1ea0:	000018b7          	lui	a7,0x1
    return read_timer() - start;
    1ea4:	41760633          	sub	a2,a2,s7
    1ea8:	030607b3          	mul	a5,a2,a6
    1eac:	05488893          	addi	a7,a7,84 # 1054 <run_benchmarks+0xc20>
    1eb0:	fad35537          	lui	a0,0xfad35
    1eb4:	3ed50513          	addi	a0,a0,1005 # fad353ed <_heap_end+0xaad353ed>
    printf("  %-26s %8u cyc  %7u ops  %3u.%02u cyc/op\r\n",
    1eb8:	51eb8737          	lui	a4,0x51eb8
    1ebc:	51f70713          	addi	a4,a4,1311 # 51eb851f <_heap_end+0x1eb851f>
    1ec0:	000035b7          	lui	a1,0x3
    1ec4:	000026b7          	lui	a3,0x2
    1ec8:	0a968693          	addi	a3,a3,169 # 20a9 <heap_init+0x1d>
    1ecc:	47858593          	addi	a1,a1,1144 # 3478 <uart_putc+0x2a4>
    hundredths = (cycles * 100u + ops / 2u) / ops;
    1ed0:	011787b3          	add	a5,a5,a7
    1ed4:	02a7b7b3          	mulhu	a5,a5,a0
    1ed8:	00003937          	lui	s2,0x3
    printf("  %-26s %8u cyc  %7u ops  %3u.%02u cyc/op\r\n",
    1edc:	28498513          	addi	a0,s3,644
    1ee0:	000034b7          	lui	s1,0x3
    for (i = 0; i < 64u; i++) { snprintf(buf, sizeof buf, "%d %x %s", (int)i, i, "abc"); }
    1ee4:	48c90913          	addi	s2,s2,1164 # 348c <uart_putc+0x2b8>
    1ee8:	49048493          	addi	s1,s1,1168 # 3490 <uart_putc+0x2bc>
    hundredths = (cycles * 100u + ops / 2u) / ops;
    1eec:	00d7d793          	srli	a5,a5,0xd
    printf("  %-26s %8u cyc  %7u ops  %3u.%02u cyc/op\r\n",
    1ef0:	02e7b733          	mulhu	a4,a5,a4
    1ef4:	00575713          	srli	a4,a4,0x5
    1ef8:	03070833          	mul	a6,a4,a6
    1efc:	410787b3          	sub	a5,a5,a6
    1f00:	1fc010ef          	jal	30fc <printf>
    return *((volatile unsigned int*)addr);
    1f04:	000aab03          	lw	s6,0(s5)
    for (i = 0; i < 64u; i++) { snprintf(buf, sizeof buf, "%d %x %s", (int)i, i, "abc"); }
    1f08:	04000a93          	li	s5,64
    1f0c:	00040713          	mv	a4,s0
    1f10:	00040693          	mv	a3,s0
    1f14:	00090793          	mv	a5,s2
    1f18:	00048613          	mv	a2,s1
    1f1c:	04000593          	li	a1,64
    1f20:	01010513          	addi	a0,sp,16
    1f24:	00140413          	addi	s0,s0,1
    1f28:	228010ef          	jal	3150 <snprintf>
    1f2c:	ff5410e3          	bne	s0,s5,1f0c <run_benchmarks+0x1ad8>
    1f30:	800004b7          	lui	s1,0x80000
    1f34:	0004a603          	lw	a2,0(s1) # 80000000 <_heap_end+0x30000000>
    hundredths = (cycles * 100u + ops / 2u) / ops;
    1f38:	06400813          	li	a6,100
    printf("  %-26s %8u cyc  %7u ops  %3u.%02u cyc/op\r\n",
    1f3c:	51eb8737          	lui	a4,0x51eb8
    return read_timer() - start;
    1f40:	41660633          	sub	a2,a2,s6
    hundredths = (cycles * 100u + ops / 2u) / ops;
    1f44:	030607b3          	mul	a5,a2,a6
    printf("  %-26s %8u cyc  %7u ops  %3u.%02u cyc/op\r\n",
    1f48:	51f70713          	addi	a4,a4,1311 # 51eb851f <_heap_end+0x1eb851f>
    1f4c:	000035b7          	lui	a1,0x3
    1f50:	49c58593          	addi	a1,a1,1180 # 349c <uart_putc+0x2c8>
    1f54:	00040693          	mv	a3,s0
    1f58:	28498513          	addi	a0,s3,644
    hundredths = (cycles * 100u + ops / 2u) / ops;
    1f5c:	02078793          	addi	a5,a5,32
    1f60:	0067d793          	srli	a5,a5,0x6
    printf("  %-26s %8u cyc  %7u ops  %3u.%02u cyc/op\r\n",
    1f64:	02e7b733          	mulhu	a4,a5,a4
    1f68:	00575713          	srli	a4,a4,0x5
    1f6c:	03070833          	mul	a6,a4,a6
    1f70:	410787b3          	sub	a5,a5,a6
    1f74:	188010ef          	jal	30fc <printf>
    return *((volatile unsigned int*)addr);
    1f78:	0004a483          	lw	s1,0(s1)
        void *p = malloc(128u);
    1f7c:	08000513          	li	a0,128
    1f80:	150000ef          	jal	20d0 <malloc>
    for (i = 0; i < 64u; i++) {
    1f84:	fff40413          	addi	s0,s0,-1
        free(p);
    1f88:	290000ef          	jal	2218 <free>
    for (i = 0; i < 64u; i++) {
    1f8c:	fe0418e3          	bnez	s0,1f7c <run_benchmarks+0x1b48>
    1f90:	800007b7          	lui	a5,0x80000
    1f94:	0007a603          	lw	a2,0(a5) # 80000000 <_heap_end+0x30000000>
    hundredths = (cycles * 100u + ops / 2u) / ops;
    1f98:	06400813          	li	a6,100
    printf("  %-26s %8u cyc  %7u ops  %3u.%02u cyc/op\r\n",
    1f9c:	51eb8737          	lui	a4,0x51eb8
    return read_timer() - start;
    1fa0:	40960633          	sub	a2,a2,s1
    hundredths = (cycles * 100u + ops / 2u) / ops;
    1fa4:	030607b3          	mul	a5,a2,a6
    printf("  %-26s %8u cyc  %7u ops  %3u.%02u cyc/op\r\n",
    1fa8:	51f70713          	addi	a4,a4,1311 # 51eb851f <_heap_end+0x1eb851f>
    1fac:	000035b7          	lui	a1,0x3
    1fb0:	28498513          	addi	a0,s3,644
    1fb4:	4a858593          	addi	a1,a1,1192 # 34a8 <uart_putc+0x2d4>
    1fb8:	04000693          	li	a3,64
    hundredths = (cycles * 100u + ops / 2u) / ops;
    1fbc:	02078793          	addi	a5,a5,32
    1fc0:	0067d793          	srli	a5,a5,0x6
    printf("  %-26s %8u cyc  %7u ops  %3u.%02u cyc/op\r\n",
    1fc4:	02e7b733          	mulhu	a4,a5,a4
    1fc8:	00575713          	srli	a4,a4,0x5
    1fcc:	03070833          	mul	a6,a4,a6
    1fd0:	410787b3          	sub	a5,a5,a6
    1fd4:	128010ef          	jal	30fc <printf>
    micro_bram();
    bench_memory();
    bench_copy();
    bench_workloads();

    if (ddr_buf != 0) { free(ddr_buf); }
    1fd8:	1d8a2503          	lw	a0,472(s4)
    1fdc:	00050463          	beqz	a0,1fe4 <run_benchmarks+0x1bb0>
    1fe0:	238000ef          	jal	2218 <free>
    printf("==== done ====\r\n");
}
    1fe4:	07812403          	lw	s0,120(sp)
    1fe8:	07c12083          	lw	ra,124(sp)
    1fec:	07412483          	lw	s1,116(sp)
    1ff0:	07012903          	lw	s2,112(sp)
    1ff4:	06c12983          	lw	s3,108(sp)
    1ff8:	06812a03          	lw	s4,104(sp)
    1ffc:	06412a83          	lw	s5,100(sp)
    2000:	06012b03          	lw	s6,96(sp)
    2004:	05c12b83          	lw	s7,92(sp)
    printf("==== done ====\r\n");
    2008:	00003537          	lui	a0,0x3
    200c:	4b850513          	addi	a0,a0,1208 # 34b8 <uart_putc+0x2e4>
}
    2010:	08010113          	addi	sp,sp,128
    printf("==== done ====\r\n");
    2014:	0e80106f          	j	30fc <printf>
    if (cycles != 0) { mbps = (bytes / 100u) * 8125u / cycles; }
    2018:	00143737          	lui	a4,0x143
    201c:	55770713          	addi	a4,a4,1367 # 143557 <_stack_top+0x123557>
    2020:	02c75733          	divu	a4,a4,a2
    2024:	bfdff06f          	j	1c20 <run_benchmarks+0x17ec>
    2028:	00143737          	lui	a4,0x143
    202c:	55770713          	addi	a4,a4,1367 # 143557 <_stack_top+0x123557>
    2030:	02c75733          	divu	a4,a4,a2
    2034:	b55ff06f          	j	1b88 <run_benchmarks+0x1754>
    2038:	000a1737          	lui	a4,0xa1
    203c:	acd70713          	addi	a4,a4,-1331 # a0acd <_stack_top+0x80acd>
    2040:	02c75733          	divu	a4,a4,a2
    2044:	e05ff06f          	j	1e48 <run_benchmarks+0x1a14>
    2048:	00014737          	lui	a4,0x14
    204c:	d6270713          	addi	a4,a4,-670 # 13d62 <nblocks+0xfb82>
    2050:	02c75733          	divu	a4,a4,a2
    2054:	da1ff06f          	j	1df4 <run_benchmarks+0x19c0>
    2058:	00014737          	lui	a4,0x14
    205c:	d6270713          	addi	a4,a4,-670 # 13d62 <nblocks+0xfb82>
    2060:	02c75733          	divu	a4,a4,a2
    2064:	d49ff06f          	j	1dac <run_benchmarks+0x1978>
    if (ddr_buf == 0) { printf("WARNING: DDR alloc failed\r\n"); }
    2068:	00003537          	lui	a0,0x3
    206c:	24050513          	addi	a0,a0,576 # 3240 <uart_putc+0x6c>
    2070:	08c010ef          	jal	30fc <printf>
    2074:	c30fe06f          	j	4a4 <run_benchmarks+0x70>
    if (ddr_buf == 0) { printf("  (no DDR buffer, skipping DDR tests)\r\n"); return; }
    2078:	00003537          	lui	a0,0x3
    207c:	38c50513          	addi	a0,a0,908 # 338c <uart_putc+0x1b8>
    2080:	07c010ef          	jal	30fc <printf>
    2084:	00003b37          	lui	s6,0x3
    2088:	c89ff06f          	j	1d10 <run_benchmarks+0x18dc>

0000208c <heap_init>:
static int     nblocks = 0;
static int     inited  = 0;

static haddr_t align_up(haddr_t v)
{
    return (v + (HEAP_ALIGN - 1)) & ~((haddr_t)(HEAP_ALIGN - 1));
    208c:	400007b7          	lui	a5,0x40000
    2090:	00778793          	addi	a5,a5,7 # 40000007 <_heap_start+0x7>
{
    haddr_t start = align_up((haddr_t)&_heap_start);
    haddr_t end   = (haddr_t)&_heap_end;

    blocks[0].addr = start;
    blocks[0].size = end - start;
    2094:	500006b7          	lui	a3,0x50000
    return (v + (HEAP_ALIGN - 1)) & ~((haddr_t)(HEAP_ALIGN - 1));
    2098:	ff87f793          	andi	a5,a5,-8
    blocks[0].size = end - start;
    209c:	00068693          	mv	a3,a3
    blocks[0].addr = start;
    20a0:	00004737          	lui	a4,0x4
    20a4:	dd470713          	addi	a4,a4,-556 # 3dd4 <blocks>
    blocks[0].used = 0;
    nblocks = 1;
    20a8:	00100613          	li	a2,1
    blocks[0].size = end - start;
    20ac:	40f686b3          	sub	a3,a3,a5
    nblocks = 1;
    20b0:	00004537          	lui	a0,0x4
    inited  = 1;
    20b4:	000045b7          	lui	a1,0x4
    blocks[0].size = end - start;
    20b8:	00d72223          	sw	a3,4(a4)
    blocks[0].addr = start;
    20bc:	00f72023          	sw	a5,0(a4)
    blocks[0].used = 0;
    20c0:	00072423          	sw	zero,8(a4)
    nblocks = 1;
    20c4:	1ec52023          	sw	a2,480(a0) # 41e0 <nblocks>
    inited  = 1;
    20c8:	1cc5ae23          	sw	a2,476(a1) # 41dc <inited>
}
    20cc:	00008067          	ret

000020d0 <malloc>:
void *malloc(unsigned int n)
{
    int i;
    unsigned int want;

    if (!inited) heap_init();
    20d0:	00004637          	lui	a2,0x4
    20d4:	1dc62783          	lw	a5,476(a2) # 41dc <inited>
    20d8:	04079063          	bnez	a5,2118 <malloc+0x48>
    return (v + (HEAP_ALIGN - 1)) & ~((haddr_t)(HEAP_ALIGN - 1));
    20dc:	400007b7          	lui	a5,0x40000
    20e0:	00778793          	addi	a5,a5,7 # 40000007 <_heap_start+0x7>
    blocks[0].size = end - start;
    20e4:	500006b7          	lui	a3,0x50000
    return (v + (HEAP_ALIGN - 1)) & ~((haddr_t)(HEAP_ALIGN - 1));
    20e8:	ff87f793          	andi	a5,a5,-8
    blocks[0].size = end - start;
    20ec:	00068693          	mv	a3,a3
    blocks[0].addr = start;
    20f0:	00004737          	lui	a4,0x4
    20f4:	dd470713          	addi	a4,a4,-556 # 3dd4 <blocks>
    nblocks = 1;
    20f8:	00100593          	li	a1,1
    blocks[0].size = end - start;
    20fc:	40f686b3          	sub	a3,a3,a5
    nblocks = 1;
    2100:	00004837          	lui	a6,0x4
    blocks[0].size = end - start;
    2104:	00d72223          	sw	a3,4(a4)
    blocks[0].addr = start;
    2108:	00f72023          	sw	a5,0(a4)
    blocks[0].used = 0;
    210c:	00072423          	sw	zero,8(a4)
    nblocks = 1;
    2110:	1eb82023          	sw	a1,480(a6) # 41e0 <nblocks>
    inited  = 1;
    2114:	1cb62e23          	sw	a1,476(a2)
    if (n == 0) return 0;
    2118:	0e050263          	beqz	a0,21fc <malloc+0x12c>
    return (v + (HEAP_ALIGN - 1)) & ~((haddr_t)(HEAP_ALIGN - 1));
    211c:	00750613          	addi	a2,a0,7
    2120:	ff867613          	andi	a2,a2,-8

    want = align_up(n);
    if (want < n) return 0;                 /* size overflowed */
    2124:	0ca66a63          	bltu	a2,a0,21f8 <malloc+0x128>

    for (i = 0; i < nblocks; i++) {
    2128:	00004eb7          	lui	t4,0x4
    212c:	1e0ea303          	lw	t1,480(t4) # 41e0 <nblocks>
    2130:	0c605463          	blez	t1,21f8 <malloc+0x128>
    2134:	000046b7          	lui	a3,0x4
    2138:	dd468693          	addi	a3,a3,-556 # 3dd4 <blocks>
    213c:	00468713          	addi	a4,a3,4
    2140:	00000793          	li	a5,0
        if (blocks[i].used) continue;
    2144:	00472583          	lw	a1,4(a4)
    2148:	0a059263          	bnez	a1,21ec <malloc+0x11c>
        if (blocks[i].size < want) continue;
    214c:	00072583          	lw	a1,0(a4)
    2150:	08c5ee63          	bltu	a1,a2,21ec <malloc+0x11c>

        if (blocks[i].size == want) {
    2154:	0ac58663          	beq	a1,a2,2200 <malloc+0x130>
    if (nblocks >= HEAP_MAX_BLOCKS) return 0;
    2158:	03f00713          	li	a4,63
    215c:	0a674263          	blt	a4,t1,2200 <malloc+0x130>
            blocks[i].used = 1;
            return (void *)blocks[i].addr;
        }

        /* split: [i] becomes the allocation, [i+1] the remainder */
        if (!table_insert(i + 1)) {
    2160:	00178f13          	addi	t5,a5,1
    for (k = nblocks; k > i; k--) blocks[k] = blocks[k - 1];
    2164:	00479713          	slli	a4,a5,0x4
    2168:	046f5263          	bge	t5,t1,21ac <malloc+0xdc>
    216c:	01068e13          	addi	t3,a3,16
    2170:	00431793          	slli	a5,t1,0x4
    2174:	00ee0e33          	add	t3,t3,a4
    2178:	00f687b3          	add	a5,a3,a5
    217c:	ff07a883          	lw	a7,-16(a5)
    2180:	ff47a803          	lw	a6,-12(a5)
    2184:	ff87a503          	lw	a0,-8(a5)
    2188:	ffc7a583          	lw	a1,-4(a5)
    218c:	0117a023          	sw	a7,0(a5)
    2190:	0107a223          	sw	a6,4(a5)
    2194:	00a7a423          	sw	a0,8(a5)
    2198:	00b7a623          	sw	a1,12(a5)
    219c:	ff078793          	addi	a5,a5,-16
    21a0:	fdc79ee3          	bne	a5,t3,217c <malloc+0xac>
            /* table full - hand over the whole block rather than fail */
            blocks[i].used = 1;
            return (void *)blocks[i].addr;
        }
        blocks[i + 1].addr = blocks[i].addr + want;
        blocks[i + 1].size = blocks[i].size - want;
    21a4:	00e687b3          	add	a5,a3,a4
    21a8:	0047a583          	lw	a1,4(a5)
        blocks[i + 1].addr = blocks[i].addr + want;
    21ac:	00e687b3          	add	a5,a3,a4
    21b0:	0007a703          	lw	a4,0(a5)
    21b4:	004f1f13          	slli	t5,t5,0x4
    21b8:	01e686b3          	add	a3,a3,t5
    21bc:	00c70733          	add	a4,a4,a2
        blocks[i + 1].size = blocks[i].size - want;
    21c0:	40c585b3          	sub	a1,a1,a2
        blocks[i + 1].addr = blocks[i].addr + want;
    21c4:	00e6a023          	sw	a4,0(a3)
        blocks[i + 1].used = 0;
    21c8:	0006a423          	sw	zero,8(a3)
        blocks[i + 1].size = blocks[i].size - want;
    21cc:	00b6a223          	sw	a1,4(a3)
    nblocks++;
    21d0:	00130313          	addi	t1,t1,1

        blocks[i].size = want;
        blocks[i].used = 1;
    21d4:	00100713          	li	a4,1
        return (void *)blocks[i].addr;
    21d8:	0007a503          	lw	a0,0(a5)
        blocks[i].size = want;
    21dc:	00c7a223          	sw	a2,4(a5)
    nblocks++;
    21e0:	1e6ea023          	sw	t1,480(t4)
        blocks[i].used = 1;
    21e4:	00e7a423          	sw	a4,8(a5)
        return (void *)blocks[i].addr;
    21e8:	00008067          	ret
    for (i = 0; i < nblocks; i++) {
    21ec:	00178793          	addi	a5,a5,1
    21f0:	01070713          	addi	a4,a4,16
    21f4:	f46798e3          	bne	a5,t1,2144 <malloc+0x74>
    if (n == 0) return 0;
    21f8:	00000513          	li	a0,0
    }

    return 0;                               /* out of memory */
}
    21fc:	00008067          	ret
            blocks[i].used = 1;
    2200:	00479793          	slli	a5,a5,0x4
    2204:	00f686b3          	add	a3,a3,a5
    2208:	00100793          	li	a5,1
            return (void *)blocks[i].addr;
    220c:	0006a503          	lw	a0,0(a3)
            blocks[i].used = 1;
    2210:	00f6a423          	sw	a5,8(a3)
            return (void *)blocks[i].addr;
    2214:	00008067          	ret

00002218 <free>:
void free(void *p)
{
    int i;
    haddr_t a = (haddr_t)p;

    if (p == 0) return;
    2218:	12050c63          	beqz	a0,2350 <free+0x138>

    for (i = 0; i < nblocks; i++) {
    221c:	00004837          	lui	a6,0x4
    2220:	1e082703          	lw	a4,480(a6) # 41e0 <nblocks>
    2224:	02e05e63          	blez	a4,2260 <free+0x48>
    2228:	00004637          	lui	a2,0x4
    222c:	dd460613          	addi	a2,a2,-556 # 3dd4 <blocks>
    haddr_t a = (haddr_t)p;
    2230:	00060793          	mv	a5,a2
    for (i = 0; i < nblocks; i++) {
    2234:	00000693          	li	a3,0
        if (blocks[i].addr != a) continue;
    2238:	0007a583          	lw	a1,0(a5)
    for (i = 0; i < nblocks; i++) {
    223c:	01078793          	addi	a5,a5,16
        if (blocks[i].addr != a) continue;
    2240:	00b50863          	beq	a0,a1,2250 <free+0x38>
    for (i = 0; i < nblocks; i++) {
    2244:	00168693          	addi	a3,a3,1
    2248:	fee698e3          	bne	a3,a4,2238 <free+0x20>
    224c:	00008067          	ret
        if (!blocks[i].used) return;        /* double free, ignore */
    2250:	00469793          	slli	a5,a3,0x4
    2254:	00f605b3          	add	a1,a2,a5
    2258:	0085a503          	lw	a0,8(a1)
    225c:	00051463          	bnez	a0,2264 <free+0x4c>
            table_remove(i);
        }
        return;
    }
    /* not a live allocation - ignore */
}
    2260:	00008067          	ret
        blocks[i].used = 0;
    2264:	0005a423          	sw	zero,8(a1)
        if (i + 1 < nblocks && !blocks[i + 1].used) {
    2268:	00168513          	addi	a0,a3,1
    226c:	00e55a63          	bge	a0,a4,2280 <free+0x68>
    2270:	00451893          	slli	a7,a0,0x4
    2274:	011608b3          	add	a7,a2,a7
    2278:	0088a303          	lw	t1,8(a7)
    227c:	06030c63          	beqz	t1,22f4 <free+0xdc>
        if (i > 0 && !blocks[i - 1].used) {
    2280:	fe0680e3          	beqz	a3,2260 <free+0x48>
    2284:	fff68713          	addi	a4,a3,-1
    2288:	00471713          	slli	a4,a4,0x4
    228c:	00e60733          	add	a4,a2,a4
    2290:	00872583          	lw	a1,8(a4)
    2294:	fc0596e3          	bnez	a1,2260 <free+0x48>
            blocks[i - 1].size += blocks[i].size;
    2298:	00f607b3          	add	a5,a2,a5
    229c:	0047a883          	lw	a7,4(a5)
    22a0:	00472583          	lw	a1,4(a4)
    for (k = i; k < nblocks - 1; k++) blocks[k] = blocks[k + 1];
    22a4:	1e082503          	lw	a0,480(a6)
            blocks[i - 1].size += blocks[i].size;
    22a8:	011585b3          	add	a1,a1,a7
    22ac:	00b72223          	sw	a1,4(a4)
    for (k = i; k < nblocks - 1; k++) blocks[k] = blocks[k + 1];
    22b0:	fff50893          	addi	a7,a0,-1
    22b4:	0316dc63          	bge	a3,a7,22ec <free+0xd4>
    22b8:	00451513          	slli	a0,a0,0x4
    22bc:	ff060613          	addi	a2,a2,-16
    22c0:	00c50533          	add	a0,a0,a2
    22c4:	0107a583          	lw	a1,16(a5)
    22c8:	0147a603          	lw	a2,20(a5)
    22cc:	0187a683          	lw	a3,24(a5)
    22d0:	01c7a703          	lw	a4,28(a5)
    22d4:	00b7a023          	sw	a1,0(a5)
    22d8:	00c7a223          	sw	a2,4(a5)
    22dc:	00d7a423          	sw	a3,8(a5)
    22e0:	00e7a623          	sw	a4,12(a5)
    22e4:	01078793          	addi	a5,a5,16
    22e8:	fca79ee3          	bne	a5,a0,22c4 <free+0xac>
    nblocks--;
    22ec:	1f182023          	sw	a7,480(a6)
}
    22f0:	00008067          	ret
            blocks[i].size += blocks[i + 1].size;
    22f4:	0048a303          	lw	t1,4(a7)
    22f8:	0045a883          	lw	a7,4(a1)
    for (k = i; k < nblocks - 1; k++) blocks[k] = blocks[k + 1];
    22fc:	fff70e93          	addi	t4,a4,-1
            blocks[i].size += blocks[i + 1].size;
    2300:	006888b3          	add	a7,a7,t1
    2304:	0115a223          	sw	a7,4(a1)
    for (k = i; k < nblocks - 1; k++) blocks[k] = blocks[k + 1];
    2308:	05d55063          	bge	a0,t4,2348 <free+0x130>
    230c:	00471593          	slli	a1,a4,0x4
    2310:	ff060513          	addi	a0,a2,-16
    2314:	01060713          	addi	a4,a2,16
    2318:	00a585b3          	add	a1,a1,a0
    231c:	00f70733          	add	a4,a4,a5
    2320:	01072e03          	lw	t3,16(a4)
    2324:	01472303          	lw	t1,20(a4)
    2328:	01872883          	lw	a7,24(a4)
    232c:	01c72503          	lw	a0,28(a4)
    2330:	01c72023          	sw	t3,0(a4)
    2334:	00672223          	sw	t1,4(a4)
    2338:	01172423          	sw	a7,8(a4)
    233c:	00a72623          	sw	a0,12(a4)
    2340:	01070713          	addi	a4,a4,16
    2344:	fcb71ee3          	bne	a4,a1,2320 <free+0x108>
    nblocks--;
    2348:	1fd82023          	sw	t4,480(a6)
}
    234c:	f35ff06f          	j	2280 <free+0x68>
    2350:	00008067          	ret

00002354 <vfmt.constprop.0>:

static int vfmt(sink_t* s, const char* fmt, va_list ap)
{
    char tmp[34];

    while (*fmt) {
    2354:	0005c783          	lbu	a5,0(a1)
    2358:	560782e3          	beqz	a5,30bc <vfmt.constprop.0+0xd68>
static int vfmt(sink_t* s, const char* fmt, va_list ap)
    235c:	f7010113          	addi	sp,sp,-144
    2360:	07412c23          	sw	s4,120(sp)
        /* length modifiers: everything is 32-bit here, so just skip them */
        while (*fmt == 'h' || *fmt == 'l' || *fmt == 'z' || *fmt == 'j' || *fmt == 't') {
            fmt++;
        }

        switch (*fmt) {
    2364:	00003a37          	lui	s4,0x3
static int vfmt(sink_t* s, const char* fmt, va_list ap)
    2368:	07312e23          	sw	s3,124(sp)
    236c:	07612823          	sw	s6,112(sp)
    2370:	000039b7          	lui	s3,0x3
    2374:	00041b37          	lui	s6,0x41
        switch (*fmt) {
    2378:	550a0713          	addi	a4,s4,1360 # 3550 <uart_putc+0x37c>
static int vfmt(sink_t* s, const char* fmt, va_list ap)
    237c:	08812423          	sw	s0,136(sp)
    2380:	08912223          	sw	s1,132(sp)
    2384:	09212023          	sw	s2,128(sp)
    2388:	08112623          	sw	ra,140(sp)
    238c:	07512a23          	sw	s5,116(sp)
    2390:	07712623          	sw	s7,108(sp)
    2394:	07812423          	sw	s8,104(sp)
    2398:	07912223          	sw	s9,100(sp)
    239c:	07a12023          	sw	s10,96(sp)
    23a0:	05b12e23          	sw	s11,92(sp)
    23a4:	00058493          	mv	s1,a1
    23a8:	00060913          	mv	s2,a2
    23ac:	00050413          	mv	s0,a0
    23b0:	50c98993          	addi	s3,s3,1292 # 350c <uart_putc+0x338>
    23b4:	015b0b13          	addi	s6,s6,21 # 41015 <_stack_top+0x21015>
        switch (*fmt) {
    23b8:	00e12823          	sw	a4,16(sp)
        if (*fmt != '%') {
    23bc:	02500713          	li	a4,37
    23c0:	10e79263          	bne	a5,a4,24c4 <vfmt.constprop.0+0x170>
        if (*fmt == '%') {
    23c4:	0014c703          	lbu	a4,1(s1)
    23c8:	20f70c63          	beq	a4,a5,25e0 <vfmt.constprop.0+0x28c>
    23cc:	00248493          	addi	s1,s1,2
        int flags = 0, width = 0, prec = -1;
    23d0:	00000b93          	li	s7,0
    23d4:	01000693          	li	a3,16
            if (*fmt == '-') {
    23d8:	fe070793          	addi	a5,a4,-32
    23dc:	0ff7f793          	zext.b	a5,a5
    23e0:	00f6ea63          	bltu	a3,a5,23f4 <vfmt.constprop.0+0xa0>
    23e4:	00279793          	slli	a5,a5,0x2
    23e8:	013787b3          	add	a5,a5,s3
    23ec:	0007a783          	lw	a5,0(a5)
    23f0:	00078067          	jr	a5
        if (*fmt == '*') {
    23f4:	02a00793          	li	a5,42
    23f8:	fff48493          	addi	s1,s1,-1
    23fc:	1af71463          	bne	a4,a5,25a4 <vfmt.constprop.0+0x250>
            width = va_arg(ap, int);
    2400:	00092a83          	lw	s5,0(s2)
    2404:	00490913          	addi	s2,s2,4
            if (width < 0) {
    2408:	000ad663          	bgez	s5,2414 <vfmt.constprop.0+0xc0>
                flags |= FL_LEFT;
    240c:	001beb93          	ori	s7,s7,1
                width = -width;
    2410:	41500ab3          	neg	s5,s5
            while (*fmt >= '0' && *fmt <= '9') {
    2414:	0014c703          	lbu	a4,1(s1)
            fmt++;
    2418:	00148493          	addi	s1,s1,1
        if (*fmt == '.') {
    241c:	02e00793          	li	a5,46
        int flags = 0, width = 0, prec = -1;
    2420:	fff00d13          	li	s10,-1
        if (*fmt == '.') {
    2424:	08f70063          	beq	a4,a5,24a4 <vfmt.constprop.0+0x150>
    2428:	01200693          	li	a3,18
    242c:	0080006f          	j	2434 <vfmt.constprop.0+0xe0>
            fmt++;
    2430:	00148493          	addi	s1,s1,1
        while (*fmt == 'h' || *fmt == 'l' || *fmt == 'z' || *fmt == 'j' || *fmt == 't') {
    2434:	0004c703          	lbu	a4,0(s1)
    2438:	f9870793          	addi	a5,a4,-104
    243c:	0ff7f793          	zext.b	a5,a5
    2440:	0ef6ee63          	bltu	a3,a5,253c <vfmt.constprop.0+0x1e8>
    2444:	00fb57b3          	srl	a5,s6,a5
    2448:	0017f793          	andi	a5,a5,1
    244c:	fe0792e3          	bnez	a5,2430 <vfmt.constprop.0+0xdc>
        switch (*fmt) {
    2450:	fa870713          	addi	a4,a4,-88
    2454:	0ff77713          	zext.b	a4,a4
    2458:	02000793          	li	a5,32
    245c:	0ee7ea63          	bltu	a5,a4,2550 <vfmt.constprop.0+0x1fc>
    2460:	01012783          	lw	a5,16(sp)
    2464:	00271713          	slli	a4,a4,0x2
    2468:	00f70733          	add	a4,a4,a5
    246c:	00072783          	lw	a5,0(a4)
    2470:	00078067          	jr	a5
                flags |= FL_ZERO;
    2474:	002beb93          	ori	s7,s7,2
            while (*fmt >= '0' && *fmt <= '9') {
    2478:	0004c703          	lbu	a4,0(s1)
    247c:	00148493          	addi	s1,s1,1
    2480:	f59ff06f          	j	23d8 <vfmt.constprop.0+0x84>
                flags |= FL_LEFT;
    2484:	001beb93          	ori	s7,s7,1
                fmt++;
    2488:	ff1ff06f          	j	2478 <vfmt.constprop.0+0x124>
                flags |= FL_PLUS;
    248c:	004beb93          	ori	s7,s7,4
                fmt++;
    2490:	fe9ff06f          	j	2478 <vfmt.constprop.0+0x124>
                flags |= FL_HASH;
    2494:	010beb93          	ori	s7,s7,16
                fmt++;
    2498:	fe1ff06f          	j	2478 <vfmt.constprop.0+0x124>
                flags |= FL_SPACE;
    249c:	008beb93          	ori	s7,s7,8
                fmt++;
    24a0:	fd9ff06f          	j	2478 <vfmt.constprop.0+0x124>
            if (*fmt == '*') {
    24a4:	0014c683          	lbu	a3,1(s1)
    24a8:	02a00793          	li	a5,42
    24ac:	16f69463          	bne	a3,a5,2614 <vfmt.constprop.0+0x2c0>
                if (prec < 0) {
    24b0:	00092d03          	lw	s10,0(s2)
                prec = va_arg(ap, int);
    24b4:	00490913          	addi	s2,s2,4
                if (prec < 0) {
    24b8:	1a0d4863          	bltz	s10,2668 <vfmt.constprop.0+0x314>
                fmt++;
    24bc:	00248493          	addi	s1,s1,2
    24c0:	f69ff06f          	j	2428 <vfmt.constprop.0+0xd4>
    if (s->buf) {
    24c4:	00042703          	lw	a4,0(s0)
            emit(s, *fmt++);
    24c8:	00148493          	addi	s1,s1,1
    if (s->buf) {
    24cc:	18070463          	beqz	a4,2654 <vfmt.constprop.0+0x300>
        if (s->len + 1 < s->cap) {
    24d0:	00842603          	lw	a2,8(s0)
    24d4:	00442583          	lw	a1,4(s0)
    24d8:	00160693          	addi	a3,a2,1
    24dc:	00b6fa63          	bgeu	a3,a1,24f0 <vfmt.constprop.0+0x19c>
            s->buf[s->len] = c;
    24e0:	00c70633          	add	a2,a4,a2
    24e4:	00f60023          	sb	a5,0(a2)
    s->len++;
    24e8:	00842683          	lw	a3,8(s0)
    24ec:	00168693          	addi	a3,a3,1
    24f0:	00d42423          	sw	a3,8(s0)
    while (*fmt) {
    24f4:	0004c783          	lbu	a5,0(s1)
    24f8:	ec0792e3          	bnez	a5,23bc <vfmt.constprop.0+0x68>
                pad(s, ' ', padlen);
            }
        }
    }

    return (int)s->len;
    24fc:	00842503          	lw	a0,8(s0)
}
    2500:	08c12083          	lw	ra,140(sp)
    2504:	08812403          	lw	s0,136(sp)
    2508:	08412483          	lw	s1,132(sp)
    250c:	08012903          	lw	s2,128(sp)
    2510:	07c12983          	lw	s3,124(sp)
    2514:	07812a03          	lw	s4,120(sp)
    2518:	07412a83          	lw	s5,116(sp)
    251c:	07012b03          	lw	s6,112(sp)
    2520:	06c12b83          	lw	s7,108(sp)
    2524:	06812c03          	lw	s8,104(sp)
    2528:	06412c83          	lw	s9,100(sp)
    252c:	06012d03          	lw	s10,96(sp)
    2530:	05c12d83          	lw	s11,92(sp)
    2534:	09010113          	addi	sp,sp,144
    2538:	00008067          	ret
        switch (*fmt) {
    253c:	fc0700e3          	beqz	a4,24fc <vfmt.constprop.0+0x1a8>
    2540:	fa870713          	addi	a4,a4,-88
    2544:	0ff77713          	zext.b	a4,a4
    2548:	02000793          	li	a5,32
    254c:	f0e7fae3          	bgeu	a5,a4,2460 <vfmt.constprop.0+0x10c>
    if (s->buf) {
    2550:	00042703          	lw	a4,0(s0)
    2554:	2e0700e3          	beqz	a4,3034 <vfmt.constprop.0+0xce0>
        if (s->len + 1 < s->cap) {
    2558:	00842783          	lw	a5,8(s0)
    255c:	00442603          	lw	a2,4(s0)
    2560:	00178693          	addi	a3,a5,1
    2564:	06c6f6e3          	bgeu	a3,a2,2dd0 <vfmt.constprop.0+0xa7c>
            s->buf[s->len] = c;
    2568:	00f707b3          	add	a5,a4,a5
    256c:	02500713          	li	a4,37
    2570:	00e78023          	sb	a4,0(a5)
    s->len++;
    2574:	00842783          	lw	a5,8(s0)
    if (s->buf) {
    2578:	00042703          	lw	a4,0(s0)
    s->len++;
    257c:	00178693          	addi	a3,a5,1
    2580:	00d42423          	sw	a3,8(s0)
            emit(s, *fmt++);
    2584:	0004c503          	lbu	a0,0(s1)
    2588:	00148493          	addi	s1,s1,1
    if (s->buf) {
    258c:	2c0700e3          	beqz	a4,304c <vfmt.constprop.0+0xcf8>
    2590:	00442603          	lw	a2,4(s0)
        if (s->len + 1 < s->cap) {
    2594:	00278793          	addi	a5,a5,2
    2598:	04c7e6e3          	bltu	a5,a2,2de4 <vfmt.constprop.0+0xa90>
    s->len++;
    259c:	00f42423          	sw	a5,8(s0)
            continue;
    25a0:	f55ff06f          	j	24f4 <vfmt.constprop.0+0x1a0>
            while (*fmt >= '0' && *fmt <= '9') {
    25a4:	fd070693          	addi	a3,a4,-48
    25a8:	0ff6f793          	zext.b	a5,a3
    25ac:	00900613          	li	a2,9
        int flags = 0, width = 0, prec = -1;
    25b0:	00000a93          	li	s5,0
            while (*fmt >= '0' && *fmt <= '9') {
    25b4:	e6f664e3          	bltu	a2,a5,241c <vfmt.constprop.0+0xc8>
                width = (width << 3) + (width << 1) + (*fmt - '0');
    25b8:	002a9793          	slli	a5,s5,0x2
            while (*fmt >= '0' && *fmt <= '9') {
    25bc:	0014c703          	lbu	a4,1(s1)
                width = (width << 3) + (width << 1) + (*fmt - '0');
    25c0:	015787b3          	add	a5,a5,s5
    25c4:	00179793          	slli	a5,a5,0x1
    25c8:	00f68ab3          	add	s5,a3,a5
            while (*fmt >= '0' && *fmt <= '9') {
    25cc:	fd070693          	addi	a3,a4,-48
    25d0:	0ff6f793          	zext.b	a5,a3
                fmt++;
    25d4:	00148493          	addi	s1,s1,1
            while (*fmt >= '0' && *fmt <= '9') {
    25d8:	fef670e3          	bgeu	a2,a5,25b8 <vfmt.constprop.0+0x264>
    25dc:	e41ff06f          	j	241c <vfmt.constprop.0+0xc8>
    if (s->buf) {
    25e0:	00042703          	lw	a4,0(s0)
    25e4:	66070c63          	beqz	a4,2c5c <vfmt.constprop.0+0x908>
        if (s->len + 1 < s->cap) {
    25e8:	00842603          	lw	a2,8(s0)
    25ec:	00442583          	lw	a1,4(s0)
    25f0:	00160693          	addi	a3,a2,1
    25f4:	00b6fa63          	bgeu	a3,a1,2608 <vfmt.constprop.0+0x2b4>
            s->buf[s->len] = c;
    25f8:	00c70633          	add	a2,a4,a2
    25fc:	00f60023          	sb	a5,0(a2)
    s->len++;
    2600:	00842683          	lw	a3,8(s0)
    2604:	00168693          	addi	a3,a3,1
    2608:	00d42423          	sw	a3,8(s0)
            fmt++;
    260c:	00248493          	addi	s1,s1,2
            continue;
    2610:	ee5ff06f          	j	24f4 <vfmt.constprop.0+0x1a0>
                while (*fmt >= '0' && *fmt <= '9') {
    2614:	fd068713          	addi	a4,a3,-48
    2618:	0ff77793          	zext.b	a5,a4
    261c:	00900613          	li	a2,9
            fmt++;
    2620:	00148493          	addi	s1,s1,1
            prec = 0;
    2624:	00000d13          	li	s10,0
                while (*fmt >= '0' && *fmt <= '9') {
    2628:	e0f660e3          	bltu	a2,a5,2428 <vfmt.constprop.0+0xd4>
                    prec = (prec << 3) + (prec << 1) + (*fmt - '0');
    262c:	002d1793          	slli	a5,s10,0x2
                while (*fmt >= '0' && *fmt <= '9') {
    2630:	0014c683          	lbu	a3,1(s1)
                    prec = (prec << 3) + (prec << 1) + (*fmt - '0');
    2634:	01a787b3          	add	a5,a5,s10
    2638:	00179793          	slli	a5,a5,0x1
    263c:	00f70d33          	add	s10,a4,a5
                while (*fmt >= '0' && *fmt <= '9') {
    2640:	fd068713          	addi	a4,a3,-48
    2644:	0ff77793          	zext.b	a5,a4
                    fmt++;
    2648:	00148493          	addi	s1,s1,1
                while (*fmt >= '0' && *fmt <= '9') {
    264c:	fef670e3          	bgeu	a2,a5,262c <vfmt.constprop.0+0x2d8>
    2650:	dd9ff06f          	j	2428 <vfmt.constprop.0+0xd4>
        uart_putc(c);
    2654:	00078513          	mv	a0,a5
    2658:	37d000ef          	jal	31d4 <uart_putc>
    s->len++;
    265c:	00842683          	lw	a3,8(s0)
    2660:	00168693          	addi	a3,a3,1
    2664:	e8dff06f          	j	24f0 <vfmt.constprop.0+0x19c>
                if (prec < 0) {
    2668:	fff00d13          	li	s10,-1
                fmt++;
    266c:	00248493          	addi	s1,s1,2
    2670:	db9ff06f          	j	2428 <vfmt.constprop.0+0xd4>
                uv = (unsigned int)(-(sv + 1)) + 1u;
    2674:	00092603          	lw	a2,0(s2)
            fmt++;
    2678:	00148493          	addi	s1,s1,1
            int sv = va_arg(ap, int);
    267c:	00490913          	addi	s2,s2,4
            if (sv < 0) {
    2680:	140646e3          	bltz	a2,2fcc <vfmt.constprop.0+0xc78>
    if (v == 0) {
    2684:	7e060063          	beqz	a2,2e64 <vfmt.constprop.0+0xb10>
        int upper = 0, isneg = 0, n, padlen, signlen;
    2688:	00000713          	li	a4,0
    int n = 0;
    268c:	00000a13          	li	s4,0
    2690:	02c10d93          	addi	s11,sp,44
    q = (n >> 1) + (n >> 2);       /* q ~= n * 0.75            */
    2694:	00265593          	srli	a1,a2,0x2
    2698:	00165793          	srli	a5,a2,0x1
    269c:	00b787b3          	add	a5,a5,a1
    q = q + (q >> 4);              /*      * 1.0625            */
    26a0:	0047d593          	srli	a1,a5,0x4
    26a4:	00b787b3          	add	a5,a5,a1
    q = q + (q >> 8);
    26a8:	0087d593          	srli	a1,a5,0x8
    26ac:	00b787b3          	add	a5,a5,a1
    q = q + (q >> 16);
    26b0:	0107d593          	srli	a1,a5,0x10
    26b4:	00b787b3          	add	a5,a5,a1
    q = q >> 3;                    /* q ~= n / 10              */
    26b8:	0037d513          	srli	a0,a5,0x3
    r = n - ((q << 3) + (q << 1)); /* r = n - q*10             */
    26bc:	ff87f793          	andi	a5,a5,-8
    26c0:	40f607b3          	sub	a5,a2,a5
    26c4:	00151593          	slli	a1,a0,0x1
    26c8:	40b787b3          	sub	a5,a5,a1
    return q + (r > 9);            /* correct the estimate     */
    26cc:	00a7b793          	sltiu	a5,a5,10
    26d0:	0017b793          	seqz	a5,a5
    26d4:	00060593          	mv	a1,a2
    26d8:	00a78633          	add	a2,a5,a0
    return n - ((q << 3) + (q << 1));
    26dc:	00261793          	slli	a5,a2,0x2
    26e0:	00c787b3          	add	a5,a5,a2
    26e4:	00179793          	slli	a5,a5,0x1
    26e8:	40f587b3          	sub	a5,a1,a5
    26ec:	000a0c13          	mv	s8,s4
            tmp[n++] = (char)('0' + umod10(v));
    26f0:	001a0a13          	addi	s4,s4,1
    26f4:	03078793          	addi	a5,a5,48
    26f8:	014d85b3          	add	a1,s11,s4
    26fc:	fef58fa3          	sb	a5,-1(a1)
        while (v) {
    2700:	f8061ae3          	bnez	a2,2694 <vfmt.constprop.0+0x340>
        if (isneg) {
    2704:	1e0704e3          	beqz	a4,30ec <vfmt.constprop.0+0xd98>
            padlen = width - n - zeros - signlen - prelen;
    2708:	414a8ab3          	sub	s5,s5,s4
            int zeros = (prec > n) ? (prec - n) : 0;
    270c:	00003cb7          	lui	s9,0x3
    2710:	09aa4ee3          	blt	s4,s10,2fac <vfmt.constprop.0+0xc58>
            sign = '-';
    2714:	02d00793          	li	a5,45
            int zeros = (prec > n) ? (prec - n) : 0;
    2718:	000d0593          	mv	a1,s10
            sign = '-';
    271c:	00f12a23          	sw	a5,20(sp)
            int zeros = (prec > n) ? (prec - n) : 0;
    2720:	4c8c8c93          	addi	s9,s9,1224 # 34c8 <uart_putc+0x2f4>
        signlen = sign ? 1 : 0;
    2724:	00100813          	li	a6,1
            int zeros = (prec > n) ? (prec - n) : 0;
    2728:	00000d13          	li	s10,0
            int prelen = 0;
    272c:	00000793          	li	a5,0
            if ((flags & FL_ZERO) && !(flags & FL_LEFT) && prec < 0) {
    2730:	002bf613          	andi	a2,s7,2
            if (!(flags & FL_LEFT)) {
    2734:	001bfb93          	andi	s7,s7,1
            if ((flags & FL_ZERO) && !(flags & FL_LEFT) && prec < 0) {
    2738:	2e060263          	beqz	a2,2a1c <vfmt.constprop.0+0x6c8>
    273c:	4e0b8a63          	beqz	s7,2c30 <vfmt.constprop.0+0x8dc>
            padlen = width - n - zeros - signlen - prelen;
    2740:	41aa8ab3          	sub	s5,s5,s10
    2744:	40ea8ab3          	sub	s5,s5,a4
    2748:	40fa8733          	sub	a4,s5,a5
    274c:	00e12623          	sw	a4,12(sp)
            if (sign) {
    2750:	36081063          	bnez	a6,2ab0 <vfmt.constprop.0+0x75c>
                for (k = 0; k < prelen; k++) {
    2754:	00fc8db3          	add	s11,s9,a5
    2758:	02079a63          	bnez	a5,278c <vfmt.constprop.0+0x438>
    275c:	0540006f          	j	27b0 <vfmt.constprop.0+0x45c>
        if (s->len + 1 < s->cap) {
    2760:	00842603          	lw	a2,8(s0)
    2764:	00442583          	lw	a1,4(s0)
    2768:	00160793          	addi	a5,a2,1
    276c:	00b7fa63          	bgeu	a5,a1,2780 <vfmt.constprop.0+0x42c>
            s->buf[s->len] = c;
    2770:	00c70633          	add	a2,a4,a2
    2774:	00a60023          	sb	a0,0(a2)
    s->len++;
    2778:	00842783          	lw	a5,8(s0)
    277c:	00178793          	addi	a5,a5,1
    2780:	00f42423          	sw	a5,8(s0)
                for (k = 0; k < prelen; k++) {
    2784:	001c8c93          	addi	s9,s9,1
    2788:	039d8463          	beq	s11,s9,27b0 <vfmt.constprop.0+0x45c>
    if (s->buf) {
    278c:	00042703          	lw	a4,0(s0)
                    emit(s, pre[k]);
    2790:	000cc503          	lbu	a0,0(s9)
    if (s->buf) {
    2794:	fc0716e3          	bnez	a4,2760 <vfmt.constprop.0+0x40c>
        uart_putc(c);
    2798:	23d000ef          	jal	31d4 <uart_putc>
    s->len++;
    279c:	00842783          	lw	a5,8(s0)
                for (k = 0; k < prelen; k++) {
    27a0:	001c8c93          	addi	s9,s9,1
    s->len++;
    27a4:	00178793          	addi	a5,a5,1
    27a8:	00f42423          	sw	a5,8(s0)
                for (k = 0; k < prelen; k++) {
    27ac:	ff9d90e3          	bne	s11,s9,278c <vfmt.constprop.0+0x438>
    while (n-- > 0) {
    27b0:	fffd0c93          	addi	s9,s10,-1
        uart_putc(c);
    27b4:	03000a93          	li	s5,48
    while (n-- > 0) {
    27b8:	fff00d93          	li	s11,-1
    27bc:	020d1a63          	bnez	s10,27f0 <vfmt.constprop.0+0x49c>
    27c0:	0540006f          	j	2814 <vfmt.constprop.0+0x4c0>
        if (s->len + 1 < s->cap) {
    27c4:	00842603          	lw	a2,8(s0)
    27c8:	00442583          	lw	a1,4(s0)
    27cc:	00160793          	addi	a5,a2,1
    27d0:	00b7fa63          	bgeu	a5,a1,27e4 <vfmt.constprop.0+0x490>
            s->buf[s->len] = c;
    27d4:	00c70633          	add	a2,a4,a2
    27d8:	01560023          	sb	s5,0(a2)
    s->len++;
    27dc:	00842783          	lw	a5,8(s0)
    27e0:	00178793          	addi	a5,a5,1
    27e4:	00f42423          	sw	a5,8(s0)
    while (n-- > 0) {
    27e8:	fffc8c93          	addi	s9,s9,-1
    27ec:	03bc8463          	beq	s9,s11,2814 <vfmt.constprop.0+0x4c0>
    if (s->buf) {
    27f0:	00042703          	lw	a4,0(s0)
    27f4:	fc0718e3          	bnez	a4,27c4 <vfmt.constprop.0+0x470>
        uart_putc(c);
    27f8:	03000513          	li	a0,48
    27fc:	1d9000ef          	jal	31d4 <uart_putc>
    s->len++;
    2800:	00842783          	lw	a5,8(s0)
    while (n-- > 0) {
    2804:	fffc8c93          	addi	s9,s9,-1
    s->len++;
    2808:	00178793          	addi	a5,a5,1
    280c:	00f42423          	sw	a5,8(s0)
    while (n-- > 0) {
    2810:	ffbc90e3          	bne	s9,s11,27f0 <vfmt.constprop.0+0x49c>
            while (n-- > 0) {
    2814:	02c10d93          	addi	s11,sp,44
    2818:	018d8c33          	add	s8,s11,s8
    281c:	020a1a63          	bnez	s4,2850 <vfmt.constprop.0+0x4fc>
    2820:	0500006f          	j	2870 <vfmt.constprop.0+0x51c>
        if (s->len + 1 < s->cap) {
    2824:	00842683          	lw	a3,8(s0)
    2828:	00442603          	lw	a2,4(s0)
    282c:	00168793          	addi	a5,a3,1
    2830:	00c7fa63          	bgeu	a5,a2,2844 <vfmt.constprop.0+0x4f0>
            s->buf[s->len] = c;
    2834:	00d706b3          	add	a3,a4,a3
    2838:	00a68023          	sb	a0,0(a3)
    s->len++;
    283c:	00842783          	lw	a5,8(s0)
    2840:	00178793          	addi	a5,a5,1
    2844:	00f42423          	sw	a5,8(s0)
            while (n-- > 0) {
    2848:	038d8463          	beq	s11,s8,2870 <vfmt.constprop.0+0x51c>
    284c:	fffc0c13          	addi	s8,s8,-1
    if (s->buf) {
    2850:	00042703          	lw	a4,0(s0)
                emit(s, tmp[n]);
    2854:	000c4503          	lbu	a0,0(s8)
    if (s->buf) {
    2858:	fc0716e3          	bnez	a4,2824 <vfmt.constprop.0+0x4d0>
        uart_putc(c);
    285c:	179000ef          	jal	31d4 <uart_putc>
    s->len++;
    2860:	00842783          	lw	a5,8(s0)
    2864:	00178793          	addi	a5,a5,1
    2868:	00f42423          	sw	a5,8(s0)
            while (n-- > 0) {
    286c:	ff8d90e3          	bne	s11,s8,284c <vfmt.constprop.0+0x4f8>
            if (flags & FL_LEFT) {
    2870:	c80b82e3          	beqz	s7,24f4 <vfmt.constprop.0+0x1a0>
    while (n-- > 0) {
    2874:	00c12783          	lw	a5,12(sp)
    2878:	c6f05ee3          	blez	a5,24f4 <vfmt.constprop.0+0x1a0>
    287c:	fff78a93          	addi	s5,a5,-1
        uart_putc(c);
    2880:	02000c13          	li	s8,32
    while (n-- > 0) {
    2884:	fff00b93          	li	s7,-1
    2888:	0300006f          	j	28b8 <vfmt.constprop.0+0x564>
        if (s->len + 1 < s->cap) {
    288c:	00842683          	lw	a3,8(s0)
    2890:	00442603          	lw	a2,4(s0)
    2894:	00168793          	addi	a5,a3,1
    2898:	00c7fa63          	bgeu	a5,a2,28ac <vfmt.constprop.0+0x558>
            s->buf[s->len] = c;
    289c:	00d706b3          	add	a3,a4,a3
    28a0:	01868023          	sb	s8,0(a3)
    s->len++;
    28a4:	00842783          	lw	a5,8(s0)
    28a8:	00178793          	addi	a5,a5,1
    28ac:	00f42423          	sw	a5,8(s0)
    while (n-- > 0) {
    28b0:	fffa8a93          	addi	s5,s5,-1
    28b4:	c57a80e3          	beq	s5,s7,24f4 <vfmt.constprop.0+0x1a0>
    if (s->buf) {
    28b8:	00042703          	lw	a4,0(s0)
    28bc:	fc0718e3          	bnez	a4,288c <vfmt.constprop.0+0x538>
        uart_putc(c);
    28c0:	02000513          	li	a0,32
    28c4:	111000ef          	jal	31d4 <uart_putc>
    s->len++;
    28c8:	00842783          	lw	a5,8(s0)
    28cc:	00178793          	addi	a5,a5,1
    28d0:	fddff06f          	j	28ac <vfmt.constprop.0+0x558>
            if (flags & FL_HASH) {
    28d4:	010bf713          	andi	a4,s7,16
            uv = va_arg(ap, unsigned int);
    28d8:	00092783          	lw	a5,0(s2)
            fmt++;
    28dc:	00148493          	addi	s1,s1,1
            uv = va_arg(ap, unsigned int);
    28e0:	00490513          	addi	a0,s2,4
            if (flags & FL_HASH) {
    28e4:	0a071063          	bnez	a4,2984 <vfmt.constprop.0+0x630>
    if (v == 0) {
    28e8:	60078063          	beqz	a5,2ee8 <vfmt.constprop.0+0xb94>
    const char* d = upper ? up : lo;
    28ec:	000035b7          	lui	a1,0x3
        const char* pre = "";
    28f0:	00003cb7          	lui	s9,0x3
    const char* d = upper ? up : lo;
    28f4:	4e458593          	addi	a1,a1,1252 # 34e4 <uart_putc+0x310>
        const char* pre = "";
    28f8:	4c8c8c93          	addi	s9,s9,1224 # 34c8 <uart_putc+0x2f4>
    28fc:	09c0006f          	j	2998 <vfmt.constprop.0+0x644>
            uv = va_arg(ap, unsigned int);
    2900:	00092603          	lw	a2,0(s2)
        fmt++;
    2904:	00148493          	addi	s1,s1,1
    if (v == 0) {
    2908:	70060263          	beqz	a2,300c <vfmt.constprop.0+0xcb8>
            uv = va_arg(ap, unsigned int);
    290c:	00490913          	addi	s2,s2,4
    2910:	d79ff06f          	j	2688 <vfmt.constprop.0+0x334>
            if (flags & FL_HASH) {
    2914:	010bf713          	andi	a4,s7,16
            uv = va_arg(ap, unsigned int);
    2918:	00092783          	lw	a5,0(s2)
            fmt++;
    291c:	00148493          	addi	s1,s1,1
            uv = va_arg(ap, unsigned int);
    2920:	00490593          	addi	a1,s2,4
            if (flags & FL_HASH) {
    2924:	34070e63          	beqz	a4,2c80 <vfmt.constprop.0+0x92c>
                pre = "0b";
    2928:	00003cb7          	lui	s9,0x3
    if (v == 0) {
    292c:	5c078663          	beqz	a5,2ef8 <vfmt.constprop.0+0xba4>
                pre = "0b";
    2930:	4d8c8c93          	addi	s9,s9,1240 # 34d8 <uart_putc+0x304>
    2934:	3580006f          	j	2c8c <vfmt.constprop.0+0x938>
            if (!(flags & FL_LEFT)) {
    2938:	001bfb93          	andi	s7,s7,1
            char c = (char)va_arg(ap, int);
    293c:	00094d03          	lbu	s10,0(s2)
    2940:	00490c13          	addi	s8,s2,4
            if (!(flags & FL_LEFT)) {
    2944:	4a0b8c63          	beqz	s7,2dfc <vfmt.constprop.0+0xaa8>
    2948:	00042703          	lw	a4,0(s0)
    if (s->buf) {
    294c:	70070a63          	beqz	a4,3060 <vfmt.constprop.0+0xd0c>
        if (s->len + 1 < s->cap) {
    2950:	00842683          	lw	a3,8(s0)
    2954:	00442603          	lw	a2,4(s0)
    2958:	00168793          	addi	a5,a3,1
    295c:	3ec7ee63          	bltu	a5,a2,2d58 <vfmt.constprop.0+0xa04>
    s->len++;
    2960:	00f42423          	sw	a5,8(s0)
            if (flags & FL_LEFT) {
    2964:	400b9663          	bnez	s7,2d70 <vfmt.constprop.0+0xa1c>
            fmt++;
    2968:	00148493          	addi	s1,s1,1
            char c = (char)va_arg(ap, int);
    296c:	000c0913          	mv	s2,s8
            continue;
    2970:	b85ff06f          	j	24f4 <vfmt.constprop.0+0x1a0>
            uv = va_arg(ap, unsigned int);
    2974:	00092783          	lw	a5,0(s2)
            fmt++;
    2978:	00148493          	addi	s1,s1,1
            uv = va_arg(ap, unsigned int);
    297c:	00490513          	addi	a0,s2,4
            if (prec < 0) {
    2980:	3a0d4e63          	bltz	s10,2d3c <vfmt.constprop.0+0x9e8>
    if (v == 0) {
    2984:	66078a63          	beqz	a5,2ff8 <vfmt.constprop.0+0xca4>
    const char* d = upper ? up : lo;
    2988:	000035b7          	lui	a1,0x3
            pre = "0x";
    298c:	00003cb7          	lui	s9,0x3
    const char* d = upper ? up : lo;
    2990:	4e458593          	addi	a1,a1,1252 # 34e4 <uart_putc+0x310>
            pre = "0x";
    2994:	4e0c8c93          	addi	s9,s9,1248 # 34e0 <uart_putc+0x30c>
    int n = 0;
    2998:	00000a13          	li	s4,0
    299c:	02c10d93          	addi	s11,sp,44
            tmp[n++] = d[v & 15u];
    29a0:	00f7f713          	andi	a4,a5,15
    29a4:	00e58733          	add	a4,a1,a4
    29a8:	00074603          	lbu	a2,0(a4)
    29ac:	001a0a13          	addi	s4,s4,1
    29b0:	014d8733          	add	a4,s11,s4
            v >>= 4;
    29b4:	0047d793          	srli	a5,a5,0x4
            tmp[n++] = d[v & 15u];
    29b8:	fec70fa3          	sb	a2,-1(a4)
        while (v) {
    29bc:	fe0792e3          	bnez	a5,29a0 <vfmt.constprop.0+0x64c>
            while (pre[prelen]) {
    29c0:	000cc783          	lbu	a5,0(s9)
    29c4:	00050913          	mv	s2,a0
        else if (flags & FL_PLUS) {
    29c8:	004bf713          	andi	a4,s7,4
    29cc:	22071c63          	bnez	a4,2c04 <vfmt.constprop.0+0x8b0>
        else if (flags & FL_SPACE) {
    29d0:	003bd813          	srli	a6,s7,0x3
    29d4:	00187813          	andi	a6,a6,1
    29d8:	00581713          	slli	a4,a6,0x5
    29dc:	00e12a23          	sw	a4,20(sp)
        signlen = sign ? 1 : 0;
    29e0:	000d0593          	mv	a1,s10
    29e4:	00080713          	mv	a4,a6
            padlen = width - n - zeros - signlen - prelen;
    29e8:	414a8ab3          	sub	s5,s5,s4
            while (n-- > 0) {
    29ec:	fffa0c13          	addi	s8,s4,-1
            int zeros = (prec > n) ? (prec - n) : 0;
    29f0:	23aa5a63          	bge	s4,s10,2c24 <vfmt.constprop.0+0x8d0>
    29f4:	414d0d33          	sub	s10,s10,s4
            while (pre[prelen]) {
    29f8:	d2078ce3          	beqz	a5,2730 <vfmt.constprop.0+0x3dc>
            int prelen = 0;
    29fc:	00000793          	li	a5,0
                prelen++;
    2a00:	00178793          	addi	a5,a5,1
            while (pre[prelen]) {
    2a04:	00fc8633          	add	a2,s9,a5
    2a08:	00064603          	lbu	a2,0(a2)
    2a0c:	fe061ae3          	bnez	a2,2a00 <vfmt.constprop.0+0x6ac>
            if ((flags & FL_ZERO) && !(flags & FL_LEFT) && prec < 0) {
    2a10:	002bf613          	andi	a2,s7,2
            if (!(flags & FL_LEFT)) {
    2a14:	001bfb93          	andi	s7,s7,1
            if ((flags & FL_ZERO) && !(flags & FL_LEFT) && prec < 0) {
    2a18:	d20612e3          	bnez	a2,273c <vfmt.constprop.0+0x3e8>
            padlen = width - n - zeros - signlen - prelen;
    2a1c:	41aa8ab3          	sub	s5,s5,s10
    2a20:	40ea8ab3          	sub	s5,s5,a4
    2a24:	40fa8733          	sub	a4,s5,a5
    2a28:	00e12623          	sw	a4,12(sp)
            if (!(flags & FL_LEFT)) {
    2a2c:	d20b92e3          	bnez	s7,2750 <vfmt.constprop.0+0x3fc>
    while (n-- > 0) {
    2a30:	00c12703          	lw	a4,12(sp)
    2a34:	06e05a63          	blez	a4,2aa8 <vfmt.constprop.0+0x754>
    2a38:	fff70b93          	addi	s7,a4,-1
        uart_putc(c);
    2a3c:	02000d93          	li	s11,32
    while (n-- > 0) {
    2a40:	fff00a93          	li	s5,-1
    2a44:	0300006f          	j	2a74 <vfmt.constprop.0+0x720>
        if (s->len + 1 < s->cap) {
    2a48:	00842583          	lw	a1,8(s0)
    2a4c:	00442503          	lw	a0,4(s0)
    2a50:	00158613          	addi	a2,a1,1
    2a54:	00a67a63          	bgeu	a2,a0,2a68 <vfmt.constprop.0+0x714>
            s->buf[s->len] = c;
    2a58:	00b705b3          	add	a1,a4,a1
    2a5c:	01b58023          	sb	s11,0(a1)
    s->len++;
    2a60:	00842603          	lw	a2,8(s0)
    2a64:	00160613          	addi	a2,a2,1
    2a68:	00c42423          	sw	a2,8(s0)
    while (n-- > 0) {
    2a6c:	fffb8b93          	addi	s7,s7,-1
    2a70:	035b8c63          	beq	s7,s5,2aa8 <vfmt.constprop.0+0x754>
    if (s->buf) {
    2a74:	00042703          	lw	a4,0(s0)
    2a78:	fc0718e3          	bnez	a4,2a48 <vfmt.constprop.0+0x6f4>
        uart_putc(c);
    2a7c:	02000513          	li	a0,32
    2a80:	00f12e23          	sw	a5,28(sp)
    2a84:	01012c23          	sw	a6,24(sp)
    2a88:	74c000ef          	jal	31d4 <uart_putc>
    s->len++;
    2a8c:	00842603          	lw	a2,8(s0)
    while (n-- > 0) {
    2a90:	fffb8b93          	addi	s7,s7,-1
    s->len++;
    2a94:	01c12783          	lw	a5,28(sp)
    2a98:	00160613          	addi	a2,a2,1
    2a9c:	00c42423          	sw	a2,8(s0)
    2aa0:	01812803          	lw	a6,24(sp)
    while (n-- > 0) {
    2aa4:	fd5b98e3          	bne	s7,s5,2a74 <vfmt.constprop.0+0x720>
            int prelen = 0;
    2aa8:	00000b93          	li	s7,0
            if (sign) {
    2aac:	ca0804e3          	beqz	a6,2754 <vfmt.constprop.0+0x400>
    if (s->buf) {
    2ab0:	00042703          	lw	a4,0(s0)
    2ab4:	52070263          	beqz	a4,2fd8 <vfmt.constprop.0+0xc84>
        if (s->len + 1 < s->cap) {
    2ab8:	00842583          	lw	a1,8(s0)
    2abc:	00442503          	lw	a0,4(s0)
    2ac0:	00158613          	addi	a2,a1,1
    2ac4:	00a67c63          	bgeu	a2,a0,2adc <vfmt.constprop.0+0x788>
            s->buf[s->len] = c;
    2ac8:	00b705b3          	add	a1,a4,a1
    2acc:	01412703          	lw	a4,20(sp)
    2ad0:	00e58023          	sb	a4,0(a1)
    s->len++;
    2ad4:	00842603          	lw	a2,8(s0)
    2ad8:	00160613          	addi	a2,a2,1
    2adc:	00c42423          	sw	a2,8(s0)
}
    2ae0:	c75ff06f          	j	2754 <vfmt.constprop.0+0x400>
            if (flags & FL_HASH) {
    2ae4:	010bf713          	andi	a4,s7,16
            uv = va_arg(ap, unsigned int);
    2ae8:	00092783          	lw	a5,0(s2)
            fmt++;
    2aec:	00148493          	addi	s1,s1,1
            uv = va_arg(ap, unsigned int);
    2af0:	00490513          	addi	a0,s2,4
            if (flags & FL_HASH) {
    2af4:	1c070463          	beqz	a4,2cbc <vfmt.constprop.0+0x968>
    if (v == 0) {
    2af8:	40078863          	beqz	a5,2f08 <vfmt.constprop.0+0xbb4>
    const char* d = upper ? up : lo;
    2afc:	000035b7          	lui	a1,0x3
                pre = "0X";
    2b00:	00003cb7          	lui	s9,0x3
    const char* d = upper ? up : lo;
    2b04:	4f858593          	addi	a1,a1,1272 # 34f8 <uart_putc+0x324>
                pre = "0X";
    2b08:	4d4c8c93          	addi	s9,s9,1236 # 34d4 <uart_putc+0x300>
    2b0c:	e8dff06f          	j	2998 <vfmt.constprop.0+0x644>
            str = va_arg(ap, const char*);
    2b10:	00092c03          	lw	s8,0(s2)
    2b14:	00490913          	addi	s2,s2,4
            if (!str) {
    2b18:	500c0463          	beqz	s8,3020 <vfmt.constprop.0+0xccc>
            while (str[slen] && (prec < 0 || slen < prec)) {
    2b1c:	000c4783          	lbu	a5,0(s8)
            if (!(flags & FL_LEFT)) {
    2b20:	001bfb93          	andi	s7,s7,1
            while (str[slen] && (prec < 0 || slen < prec)) {
    2b24:	5a078a63          	beqz	a5,30d8 <vfmt.constprop.0+0xd84>
                str = "(null)";
    2b28:	00000c93          	li	s9,0
            while (str[slen] && (prec < 0 || slen < prec)) {
    2b2c:	1b9d0463          	beq	s10,s9,2cd4 <vfmt.constprop.0+0x980>
                slen++;
    2b30:	001c8c93          	addi	s9,s9,1
            while (str[slen] && (prec < 0 || slen < prec)) {
    2b34:	019c0db3          	add	s11,s8,s9
    2b38:	000dc783          	lbu	a5,0(s11)
    2b3c:	fe0798e3          	bnez	a5,2b2c <vfmt.constprop.0+0x7d8>
            if (!(flags & FL_LEFT)) {
    2b40:	040b9063          	bnez	s7,2b80 <vfmt.constprop.0+0x82c>
                pad(s, ' ', width - slen);
    2b44:	419a87b3          	sub	a5,s5,s9
    while (n-- > 0) {
    2b48:	000c8d13          	mv	s10,s9
    2b4c:	3ef04463          	bgtz	a5,2f34 <vfmt.constprop.0+0xbe0>
    2b50:	0300006f          	j	2b80 <vfmt.constprop.0+0x82c>
        if (s->len + 1 < s->cap) {
    2b54:	00842683          	lw	a3,8(s0)
    2b58:	00442603          	lw	a2,4(s0)
    2b5c:	00168793          	addi	a5,a3,1
    2b60:	00c7fa63          	bgeu	a5,a2,2b74 <vfmt.constprop.0+0x820>
            s->buf[s->len] = c;
    2b64:	00d706b3          	add	a3,a4,a3
    2b68:	00a68023          	sb	a0,0(a3)
    s->len++;
    2b6c:	00842783          	lw	a5,8(s0)
    2b70:	00178793          	addi	a5,a5,1
    2b74:	00f42423          	sw	a5,8(s0)
            for (n = 0; n < slen; n++) {
    2b78:	001c0c13          	addi	s8,s8,1
    2b7c:	038d8463          	beq	s11,s8,2ba4 <vfmt.constprop.0+0x850>
    if (s->buf) {
    2b80:	00042703          	lw	a4,0(s0)
                emit(s, str[n]);
    2b84:	000c4503          	lbu	a0,0(s8)
    if (s->buf) {
    2b88:	fc0716e3          	bnez	a4,2b54 <vfmt.constprop.0+0x800>
        uart_putc(c);
    2b8c:	648000ef          	jal	31d4 <uart_putc>
    s->len++;
    2b90:	00842783          	lw	a5,8(s0)
            for (n = 0; n < slen; n++) {
    2b94:	001c0c13          	addi	s8,s8,1
    s->len++;
    2b98:	00178793          	addi	a5,a5,1
    2b9c:	00f42423          	sw	a5,8(s0)
            for (n = 0; n < slen; n++) {
    2ba0:	ff8d90e3          	bne	s11,s8,2b80 <vfmt.constprop.0+0x82c>
            if (flags & FL_LEFT) {
    2ba4:	300b9663          	bnez	s7,2eb0 <vfmt.constprop.0+0xb5c>
            fmt++;
    2ba8:	00148493          	addi	s1,s1,1
            continue;
    2bac:	949ff06f          	j	24f4 <vfmt.constprop.0+0x1a0>
            if (flags & FL_HASH) {
    2bb0:	010bf713          	andi	a4,s7,16
            uv = va_arg(ap, unsigned int);
    2bb4:	00092783          	lw	a5,0(s2)
            fmt++;
    2bb8:	00148493          	addi	s1,s1,1
            uv = va_arg(ap, unsigned int);
    2bbc:	00490593          	addi	a1,s2,4
            if (flags & FL_HASH) {
    2bc0:	0a070863          	beqz	a4,2c70 <vfmt.constprop.0+0x91c>
                pre = "0";
    2bc4:	00003cb7          	lui	s9,0x3
    if (v == 0) {
    2bc8:	34078a63          	beqz	a5,2f1c <vfmt.constprop.0+0xbc8>
                pre = "0";
    2bcc:	4dcc8c93          	addi	s9,s9,1244 # 34dc <uart_putc+0x308>
    int n = 0;
    2bd0:	00000a13          	li	s4,0
    2bd4:	02c10d93          	addi	s11,sp,44
            tmp[n++] = (char)('0' + (v & 7u));
    2bd8:	0077f713          	andi	a4,a5,7
    2bdc:	001a0a13          	addi	s4,s4,1
    2be0:	014d8633          	add	a2,s11,s4
    2be4:	03070713          	addi	a4,a4,48
    2be8:	fee60fa3          	sb	a4,-1(a2)
            v >>= 3;
    2bec:	0037d793          	srli	a5,a5,0x3
        while (v) {
    2bf0:	fe0794e3          	bnez	a5,2bd8 <vfmt.constprop.0+0x884>
            while (pre[prelen]) {
    2bf4:	000cc783          	lbu	a5,0(s9)
            uv = va_arg(ap, unsigned int);
    2bf8:	00058913          	mv	s2,a1
        else if (flags & FL_PLUS) {
    2bfc:	004bf713          	andi	a4,s7,4
    2c00:	dc0708e3          	beqz	a4,29d0 <vfmt.constprop.0+0x67c>
            sign = '+';
    2c04:	02b00693          	li	a3,43
        else if (flags & FL_PLUS) {
    2c08:	00100713          	li	a4,1
            sign = '+';
    2c0c:	00d12a23          	sw	a3,20(sp)
        else if (flags & FL_PLUS) {
    2c10:	00070813          	mv	a6,a4
    2c14:	000d0593          	mv	a1,s10
            padlen = width - n - zeros - signlen - prelen;
    2c18:	414a8ab3          	sub	s5,s5,s4
            while (n-- > 0) {
    2c1c:	fffa0c13          	addi	s8,s4,-1
            int zeros = (prec > n) ? (prec - n) : 0;
    2c20:	ddaa4ae3          	blt	s4,s10,29f4 <vfmt.constprop.0+0x6a0>
    2c24:	00000d13          	li	s10,0
            while (pre[prelen]) {
    2c28:	dc079ae3          	bnez	a5,29fc <vfmt.constprop.0+0x6a8>
    2c2c:	b05ff06f          	j	2730 <vfmt.constprop.0+0x3dc>
            if ((flags & FL_ZERO) && !(flags & FL_LEFT) && prec < 0) {
    2c30:	0005cc63          	bltz	a1,2c48 <vfmt.constprop.0+0x8f4>
            padlen = width - n - zeros - signlen - prelen;
    2c34:	41aa8ab3          	sub	s5,s5,s10
    2c38:	40ea8ab3          	sub	s5,s5,a4
    2c3c:	40fa8733          	sub	a4,s5,a5
    2c40:	00e12623          	sw	a4,12(sp)
            if (!(flags & FL_LEFT)) {
    2c44:	dedff06f          	j	2a30 <vfmt.constprop.0+0x6dc>
                int room = width - n - signlen - prelen;
    2c48:	40ea8633          	sub	a2,s5,a4
    2c4c:	40f60633          	sub	a2,a2,a5
                if (room > 0) {
    2c50:	fec052e3          	blez	a2,2c34 <vfmt.constprop.0+0x8e0>
                    zeros += room;
    2c54:	00cd0d33          	add	s10,s10,a2
    2c58:	fddff06f          	j	2c34 <vfmt.constprop.0+0x8e0>
        uart_putc(c);
    2c5c:	00078513          	mv	a0,a5
    2c60:	574000ef          	jal	31d4 <uart_putc>
    s->len++;
    2c64:	00842683          	lw	a3,8(s0)
    2c68:	00168693          	addi	a3,a3,1
    2c6c:	99dff06f          	j	2608 <vfmt.constprop.0+0x2b4>
        const char* pre = "";
    2c70:	00003cb7          	lui	s9,0x3
    if (v == 0) {
    2c74:	24078263          	beqz	a5,2eb8 <vfmt.constprop.0+0xb64>
        const char* pre = "";
    2c78:	4c8c8c93          	addi	s9,s9,1224 # 34c8 <uart_putc+0x2f4>
    2c7c:	f55ff06f          	j	2bd0 <vfmt.constprop.0+0x87c>
    2c80:	00003cb7          	lui	s9,0x3
    if (v == 0) {
    2c84:	22078a63          	beqz	a5,2eb8 <vfmt.constprop.0+0xb64>
        const char* pre = "";
    2c88:	4c8c8c93          	addi	s9,s9,1224 # 34c8 <uart_putc+0x2f4>
    int n = 0;
    2c8c:	00000a13          	li	s4,0
    2c90:	02c10d93          	addi	s11,sp,44
            tmp[n++] = (char)('0' + (v & 1u));
    2c94:	0017f713          	andi	a4,a5,1
    2c98:	001a0a13          	addi	s4,s4,1
    2c9c:	014d8633          	add	a2,s11,s4
    2ca0:	03070713          	addi	a4,a4,48
    2ca4:	fee60fa3          	sb	a4,-1(a2)
            v >>= 1;
    2ca8:	0017d793          	srli	a5,a5,0x1
        while (v) {
    2cac:	fe0794e3          	bnez	a5,2c94 <vfmt.constprop.0+0x940>
            while (pre[prelen]) {
    2cb0:	000cc783          	lbu	a5,0(s9)
            uv = va_arg(ap, unsigned int);
    2cb4:	00058913          	mv	s2,a1
    2cb8:	f45ff06f          	j	2bfc <vfmt.constprop.0+0x8a8>
    if (v == 0) {
    2cbc:	22078663          	beqz	a5,2ee8 <vfmt.constprop.0+0xb94>
    const char* d = upper ? up : lo;
    2cc0:	000035b7          	lui	a1,0x3
        const char* pre = "";
    2cc4:	00003cb7          	lui	s9,0x3
    const char* d = upper ? up : lo;
    2cc8:	4f858593          	addi	a1,a1,1272 # 34f8 <uart_putc+0x324>
        const char* pre = "";
    2ccc:	4c8c8c93          	addi	s9,s9,1224 # 34c8 <uart_putc+0x2f4>
    2cd0:	cc9ff06f          	j	2998 <vfmt.constprop.0+0x644>
            if (!(flags & FL_LEFT)) {
    2cd4:	240b8c63          	beqz	s7,2f2c <vfmt.constprop.0+0xbd8>
            for (n = 0; n < slen; n++) {
    2cd8:	019c0db3          	add	s11,s8,s9
    2cdc:	ea0c92e3          	bnez	s9,2b80 <vfmt.constprop.0+0x82c>
    while (n-- > 0) {
    2ce0:	ed5054e3          	blez	s5,2ba8 <vfmt.constprop.0+0x854>
    2ce4:	fffa8a93          	addi	s5,s5,-1
        uart_putc(c);
    2ce8:	02000c13          	li	s8,32
    while (n-- > 0) {
    2cec:	fff00b93          	li	s7,-1
    2cf0:	0300006f          	j	2d20 <vfmt.constprop.0+0x9cc>
        if (s->len + 1 < s->cap) {
    2cf4:	00842683          	lw	a3,8(s0)
    2cf8:	00442603          	lw	a2,4(s0)
    2cfc:	00168793          	addi	a5,a3,1
    2d00:	00c7fa63          	bgeu	a5,a2,2d14 <vfmt.constprop.0+0x9c0>
            s->buf[s->len] = c;
    2d04:	00d706b3          	add	a3,a4,a3
    2d08:	01868023          	sb	s8,0(a3)
    s->len++;
    2d0c:	00842783          	lw	a5,8(s0)
    2d10:	00178793          	addi	a5,a5,1
    2d14:	00f42423          	sw	a5,8(s0)
    while (n-- > 0) {
    2d18:	fffa8a93          	addi	s5,s5,-1
    2d1c:	e97a86e3          	beq	s5,s7,2ba8 <vfmt.constprop.0+0x854>
    if (s->buf) {
    2d20:	00042703          	lw	a4,0(s0)
    2d24:	fc0718e3          	bnez	a4,2cf4 <vfmt.constprop.0+0x9a0>
        uart_putc(c);
    2d28:	02000513          	li	a0,32
    2d2c:	4a8000ef          	jal	31d4 <uart_putc>
    s->len++;
    2d30:	00842783          	lw	a5,8(s0)
    2d34:	00178793          	addi	a5,a5,1
    2d38:	fddff06f          	j	2d14 <vfmt.constprop.0+0x9c0>
    if (v == 0) {
    2d3c:	32078c63          	beqz	a5,3074 <vfmt.constprop.0+0xd20>
    const char* d = upper ? up : lo;
    2d40:	000035b7          	lui	a1,0x3
            pre = "0x";
    2d44:	00003cb7          	lui	s9,0x3
    const char* d = upper ? up : lo;
    2d48:	4e458593          	addi	a1,a1,1252 # 34e4 <uart_putc+0x310>
            pre = "0x";
    2d4c:	4e0c8c93          	addi	s9,s9,1248 # 34e0 <uart_putc+0x30c>
                prec = 8;
    2d50:	00800d13          	li	s10,8
    2d54:	c45ff06f          	j	2998 <vfmt.constprop.0+0x644>
            s->buf[s->len] = c;
    2d58:	00d706b3          	add	a3,a4,a3
    2d5c:	01a68023          	sb	s10,0(a3)
    s->len++;
    2d60:	00842783          	lw	a5,8(s0)
    2d64:	00178793          	addi	a5,a5,1
    2d68:	00f42423          	sw	a5,8(s0)
            if (flags & FL_LEFT) {
    2d6c:	be0b8ee3          	beqz	s7,2968 <vfmt.constprop.0+0x614>
    while (n-- > 0) {
    2d70:	00100793          	li	a5,1
    2d74:	bf57dae3          	bge	a5,s5,2968 <vfmt.constprop.0+0x614>
    2d78:	ffea8a93          	addi	s5,s5,-2
        uart_putc(c);
    2d7c:	02000b93          	li	s7,32
    while (n-- > 0) {
    2d80:	fff00913          	li	s2,-1
    2d84:	0300006f          	j	2db4 <vfmt.constprop.0+0xa60>
        if (s->len + 1 < s->cap) {
    2d88:	00842683          	lw	a3,8(s0)
    2d8c:	00442603          	lw	a2,4(s0)
    2d90:	00168793          	addi	a5,a3,1
    2d94:	00c7fa63          	bgeu	a5,a2,2da8 <vfmt.constprop.0+0xa54>
            s->buf[s->len] = c;
    2d98:	00d706b3          	add	a3,a4,a3
    2d9c:	01768023          	sb	s7,0(a3)
    s->len++;
    2da0:	00842783          	lw	a5,8(s0)
    2da4:	00178793          	addi	a5,a5,1
    2da8:	00f42423          	sw	a5,8(s0)
    while (n-- > 0) {
    2dac:	fffa8a93          	addi	s5,s5,-1
    2db0:	bb2a8ce3          	beq	s5,s2,2968 <vfmt.constprop.0+0x614>
    if (s->buf) {
    2db4:	00042703          	lw	a4,0(s0)
    2db8:	fc0718e3          	bnez	a4,2d88 <vfmt.constprop.0+0xa34>
        uart_putc(c);
    2dbc:	02000513          	li	a0,32
    2dc0:	414000ef          	jal	31d4 <uart_putc>
    s->len++;
    2dc4:	00842783          	lw	a5,8(s0)
    2dc8:	00178793          	addi	a5,a5,1
    2dcc:	fddff06f          	j	2da8 <vfmt.constprop.0+0xa54>
    2dd0:	00d42423          	sw	a3,8(s0)
        if (s->len + 1 < s->cap) {
    2dd4:	00278793          	addi	a5,a5,2
            emit(s, *fmt++);
    2dd8:	0004c503          	lbu	a0,0(s1)
    2ddc:	00148493          	addi	s1,s1,1
        if (s->len + 1 < s->cap) {
    2de0:	fac7fe63          	bgeu	a5,a2,259c <vfmt.constprop.0+0x248>
            s->buf[s->len] = c;
    2de4:	00d706b3          	add	a3,a4,a3
    2de8:	00a68023          	sb	a0,0(a3)
    s->len++;
    2dec:	00842783          	lw	a5,8(s0)
    2df0:	00178793          	addi	a5,a5,1
    2df4:	00f42423          	sw	a5,8(s0)
            continue;
    2df8:	efcff06f          	j	24f4 <vfmt.constprop.0+0x1a0>
    while (n-- > 0) {
    2dfc:	00100793          	li	a5,1
    2e00:	b557d4e3          	bge	a5,s5,2948 <vfmt.constprop.0+0x5f4>
    2e04:	00042703          	lw	a4,0(s0)
    2e08:	ffea8913          	addi	s2,s5,-2
        uart_putc(c);
    2e0c:	02000d93          	li	s11,32
    while (n-- > 0) {
    2e10:	fff00c93          	li	s9,-1
    if (s->buf) {
    2e14:	02070c63          	beqz	a4,2e4c <vfmt.constprop.0+0xaf8>
        if (s->len + 1 < s->cap) {
    2e18:	00842683          	lw	a3,8(s0)
    2e1c:	00442603          	lw	a2,4(s0)
    2e20:	00168793          	addi	a5,a3,1
    2e24:	00c7fc63          	bgeu	a5,a2,2e3c <vfmt.constprop.0+0xae8>
            s->buf[s->len] = c;
    2e28:	00d706b3          	add	a3,a4,a3
    2e2c:	01b68023          	sb	s11,0(a3)
    s->len++;
    2e30:	00842783          	lw	a5,8(s0)
    2e34:	00042703          	lw	a4,0(s0)
    2e38:	00178793          	addi	a5,a5,1
    2e3c:	00f42423          	sw	a5,8(s0)
    while (n-- > 0) {
    2e40:	fff90913          	addi	s2,s2,-1
    2e44:	b19904e3          	beq	s2,s9,294c <vfmt.constprop.0+0x5f8>
    if (s->buf) {
    2e48:	fc0718e3          	bnez	a4,2e18 <vfmt.constprop.0+0xac4>
        uart_putc(c);
    2e4c:	02000513          	li	a0,32
    2e50:	384000ef          	jal	31d4 <uart_putc>
    s->len++;
    2e54:	00842783          	lw	a5,8(s0)
    2e58:	00042703          	lw	a4,0(s0)
    2e5c:	00178793          	addi	a5,a5,1
    2e60:	fddff06f          	j	2e3c <vfmt.constprop.0+0xae8>
        const char* pre = "";
    2e64:	00003cb7          	lui	s9,0x3
    2e68:	4c8c8c93          	addi	s9,s9,1224 # 34c8 <uart_putc+0x2f4>
    if (v == 0) {
    2e6c:	00000793          	li	a5,0
        tmp[n++] = '0';
    2e70:	03000713          	li	a4,48
    2e74:	02e10623          	sb	a4,44(sp)
        else if (flags & FL_PLUS) {
    2e78:	004bf713          	andi	a4,s7,4
    2e7c:	04070a63          	beqz	a4,2ed0 <vfmt.constprop.0+0xb7c>
    2e80:	00100713          	li	a4,1
            sign = '+';
    2e84:	02b00693          	li	a3,43
    2e88:	00070813          	mv	a6,a4
    2e8c:	00d12a23          	sw	a3,20(sp)
        if (prec == 0 && uv == 0) {
    2e90:	000d0593          	mv	a1,s10
    2e94:	00100a13          	li	s4,1
    2e98:	b40d18e3          	bnez	s10,29e8 <vfmt.constprop.0+0x694>
    2e9c:	00000593          	li	a1,0
            n = 0;
    2ea0:	00000a13          	li	s4,0
    2ea4:	fff00c13          	li	s8,-1
            while (pre[prelen]) {
    2ea8:	b4079ae3          	bnez	a5,29fc <vfmt.constprop.0+0x6a8>
    2eac:	885ff06f          	j	2730 <vfmt.constprop.0+0x3dc>
                pad(s, ' ', width - slen);
    2eb0:	419a8ab3          	sub	s5,s5,s9
    2eb4:	e2dff06f          	j	2ce0 <vfmt.constprop.0+0x98c>
        tmp[n++] = '0';
    2eb8:	03000713          	li	a4,48
    2ebc:	02e10623          	sb	a4,44(sp)
        else if (flags & FL_PLUS) {
    2ec0:	004bf713          	andi	a4,s7,4
            uv = va_arg(ap, unsigned int);
    2ec4:	00058913          	mv	s2,a1
        const char* pre = "";
    2ec8:	4c8c8c93          	addi	s9,s9,1224
        else if (flags & FL_PLUS) {
    2ecc:	fa071ae3          	bnez	a4,2e80 <vfmt.constprop.0+0xb2c>
        else if (flags & FL_SPACE) {
    2ed0:	003bd813          	srli	a6,s7,0x3
    2ed4:	00187813          	andi	a6,a6,1
    2ed8:	00581713          	slli	a4,a6,0x5
    2edc:	00e12a23          	sw	a4,20(sp)
        signlen = sign ? 1 : 0;
    2ee0:	00080713          	mv	a4,a6
    2ee4:	fadff06f          	j	2e90 <vfmt.constprop.0+0xb3c>
        const char* pre = "";
    2ee8:	00003cb7          	lui	s9,0x3
            uv = va_arg(ap, unsigned int);
    2eec:	00050913          	mv	s2,a0
        const char* pre = "";
    2ef0:	4c8c8c93          	addi	s9,s9,1224 # 34c8 <uart_putc+0x2f4>
    2ef4:	f7dff06f          	j	2e70 <vfmt.constprop.0+0xb1c>
            uv = va_arg(ap, unsigned int);
    2ef8:	00058913          	mv	s2,a1
                pre = "0b";
    2efc:	4d8c8c93          	addi	s9,s9,1240
    if (v == 0) {
    2f00:	03000793          	li	a5,48
    2f04:	f6dff06f          	j	2e70 <vfmt.constprop.0+0xb1c>
                pre = "0X";
    2f08:	00003cb7          	lui	s9,0x3
            uv = va_arg(ap, unsigned int);
    2f0c:	00050913          	mv	s2,a0
                pre = "0X";
    2f10:	4d4c8c93          	addi	s9,s9,1236 # 34d4 <uart_putc+0x300>
    if (v == 0) {
    2f14:	03000793          	li	a5,48
    2f18:	f59ff06f          	j	2e70 <vfmt.constprop.0+0xb1c>
            uv = va_arg(ap, unsigned int);
    2f1c:	00058913          	mv	s2,a1
                pre = "0";
    2f20:	4dcc8c93          	addi	s9,s9,1244
    if (v == 0) {
    2f24:	03000793          	li	a5,48
    2f28:	f49ff06f          	j	2e70 <vfmt.constprop.0+0xb1c>
                pad(s, ' ', width - slen);
    2f2c:	419a87b3          	sub	a5,s5,s9
    while (n-- > 0) {
    2f30:	06f05663          	blez	a5,2f9c <vfmt.constprop.0+0xc48>
    2f34:	fff78b93          	addi	s7,a5,-1
    2f38:	000d0c93          	mv	s9,s10
        uart_putc(c);
    2f3c:	02000d93          	li	s11,32
    while (n-- > 0) {
    2f40:	fff00d13          	li	s10,-1
    2f44:	0300006f          	j	2f74 <vfmt.constprop.0+0xc20>
        if (s->len + 1 < s->cap) {
    2f48:	00842683          	lw	a3,8(s0)
    2f4c:	00442603          	lw	a2,4(s0)
    2f50:	00168793          	addi	a5,a3,1
    2f54:	00c7fa63          	bgeu	a5,a2,2f68 <vfmt.constprop.0+0xc14>
            s->buf[s->len] = c;
    2f58:	00d706b3          	add	a3,a4,a3
    2f5c:	01b68023          	sb	s11,0(a3)
    s->len++;
    2f60:	00842783          	lw	a5,8(s0)
    2f64:	00178793          	addi	a5,a5,1
    2f68:	00f42423          	sw	a5,8(s0)
    while (n-- > 0) {
    2f6c:	fffb8b93          	addi	s7,s7,-1
    2f70:	03ab8463          	beq	s7,s10,2f98 <vfmt.constprop.0+0xc44>
    if (s->buf) {
    2f74:	00042703          	lw	a4,0(s0)
    2f78:	fc0718e3          	bnez	a4,2f48 <vfmt.constprop.0+0xbf4>
        uart_putc(c);
    2f7c:	02000513          	li	a0,32
    2f80:	254000ef          	jal	31d4 <uart_putc>
    s->len++;
    2f84:	00842783          	lw	a5,8(s0)
    while (n-- > 0) {
    2f88:	fffb8b93          	addi	s7,s7,-1
    s->len++;
    2f8c:	00178793          	addi	a5,a5,1
    2f90:	00f42423          	sw	a5,8(s0)
    while (n-- > 0) {
    2f94:	ffab90e3          	bne	s7,s10,2f74 <vfmt.constprop.0+0xc20>
            for (n = 0; n < slen; n++) {
    2f98:	00000b93          	li	s7,0
    2f9c:	019c0db3          	add	s11,s8,s9
    2fa0:	be0c90e3          	bnez	s9,2b80 <vfmt.constprop.0+0x82c>
            fmt++;
    2fa4:	00148493          	addi	s1,s1,1
            continue;
    2fa8:	d4cff06f          	j	24f4 <vfmt.constprop.0+0x1a0>
            sign = '-';
    2fac:	02d00793          	li	a5,45
            int zeros = (prec > n) ? (prec - n) : 0;
    2fb0:	000d0593          	mv	a1,s10
            sign = '-';
    2fb4:	00f12a23          	sw	a5,20(sp)
            int zeros = (prec > n) ? (prec - n) : 0;
    2fb8:	4c8c8c93          	addi	s9,s9,1224
        signlen = sign ? 1 : 0;
    2fbc:	00100813          	li	a6,1
            int zeros = (prec > n) ? (prec - n) : 0;
    2fc0:	414d0d33          	sub	s10,s10,s4
            int prelen = 0;
    2fc4:	00000793          	li	a5,0
    2fc8:	f68ff06f          	j	2730 <vfmt.constprop.0+0x3dc>
                uv = (unsigned int)(-(sv + 1)) + 1u;
    2fcc:	40c00633          	neg	a2,a2
                isneg = 1;
    2fd0:	00100713          	li	a4,1
    2fd4:	eb8ff06f          	j	268c <vfmt.constprop.0+0x338>
        uart_putc(c);
    2fd8:	01412503          	lw	a0,20(sp)
    2fdc:	00f12c23          	sw	a5,24(sp)
    2fe0:	1f4000ef          	jal	31d4 <uart_putc>
    s->len++;
    2fe4:	00842603          	lw	a2,8(s0)
    2fe8:	01812783          	lw	a5,24(sp)
    2fec:	00160613          	addi	a2,a2,1
    2ff0:	00c42423          	sw	a2,8(s0)
    2ff4:	f60ff06f          	j	2754 <vfmt.constprop.0+0x400>
            pre = "0x";
    2ff8:	00003cb7          	lui	s9,0x3
            uv = va_arg(ap, unsigned int);
    2ffc:	00050913          	mv	s2,a0
            pre = "0x";
    3000:	4e0c8c93          	addi	s9,s9,1248 # 34e0 <uart_putc+0x30c>
    if (v == 0) {
    3004:	03000793          	li	a5,48
    3008:	e69ff06f          	j	2e70 <vfmt.constprop.0+0xb1c>
        const char* pre = "";
    300c:	00003cb7          	lui	s9,0x3
            uv = va_arg(ap, unsigned int);
    3010:	00490913          	addi	s2,s2,4
        const char* pre = "";
    3014:	4c8c8c93          	addi	s9,s9,1224 # 34c8 <uart_putc+0x2f4>
    if (v == 0) {
    3018:	00000793          	li	a5,0
    301c:	e55ff06f          	j	2e70 <vfmt.constprop.0+0xb1c>
                str = "(null)";
    3020:	00003c37          	lui	s8,0x3
            if (!(flags & FL_LEFT)) {
    3024:	001bfb93          	andi	s7,s7,1
                str = "(null)";
    3028:	4ccc0c13          	addi	s8,s8,1228 # 34cc <uart_putc+0x2f8>
    302c:	00000c93          	li	s9,0
    3030:	afdff06f          	j	2b2c <vfmt.constprop.0+0x7d8>
        uart_putc(c);
    3034:	02500513          	li	a0,37
    3038:	19c000ef          	jal	31d4 <uart_putc>
    s->len++;
    303c:	00842783          	lw	a5,8(s0)
    if (s->buf) {
    3040:	00042703          	lw	a4,0(s0)
    s->len++;
    3044:	00178693          	addi	a3,a5,1
    3048:	d38ff06f          	j	2580 <vfmt.constprop.0+0x22c>
        uart_putc(c);
    304c:	188000ef          	jal	31d4 <uart_putc>
    s->len++;
    3050:	00842783          	lw	a5,8(s0)
    3054:	00178793          	addi	a5,a5,1
    3058:	00f42423          	sw	a5,8(s0)
            continue;
    305c:	c98ff06f          	j	24f4 <vfmt.constprop.0+0x1a0>
        uart_putc(c);
    3060:	000d0513          	mv	a0,s10
    3064:	170000ef          	jal	31d4 <uart_putc>
    s->len++;
    3068:	00842783          	lw	a5,8(s0)
    306c:	00178793          	addi	a5,a5,1
    3070:	8f1ff06f          	j	2960 <vfmt.constprop.0+0x60c>
        tmp[n++] = '0';
    3074:	03000793          	li	a5,48
    3078:	02f10623          	sb	a5,44(sp)
        else if (flags & FL_PLUS) {
    307c:	004bf793          	andi	a5,s7,4
    3080:	04079263          	bnez	a5,30c4 <vfmt.constprop.0+0xd70>
        else if (flags & FL_SPACE) {
    3084:	003bd813          	srli	a6,s7,0x3
    3088:	00187813          	andi	a6,a6,1
    308c:	00581793          	slli	a5,a6,0x5
    3090:	00f12a23          	sw	a5,20(sp)
        signlen = sign ? 1 : 0;
    3094:	00080713          	mv	a4,a6
            padlen = width - n - zeros - signlen - prelen;
    3098:	00003cb7          	lui	s9,0x3
    309c:	fffa8a93          	addi	s5,s5,-1
    30a0:	00050913          	mv	s2,a0
    30a4:	4e0c8c93          	addi	s9,s9,1248 # 34e0 <uart_putc+0x30c>
            while (n-- > 0) {
    30a8:	00000c13          	li	s8,0
            padlen = width - n - zeros - signlen - prelen;
    30ac:	00800593          	li	a1,8
            int zeros = (prec > n) ? (prec - n) : 0;
    30b0:	00700d13          	li	s10,7
            padlen = width - n - zeros - signlen - prelen;
    30b4:	00100a13          	li	s4,1
    30b8:	945ff06f          	j	29fc <vfmt.constprop.0+0x6a8>
    while (*fmt) {
    30bc:	00000513          	li	a0,0
}
    30c0:	00008067          	ret
        else if (flags & FL_PLUS) {
    30c4:	00100713          	li	a4,1
            sign = '+';
    30c8:	02b00793          	li	a5,43
        else if (flags & FL_PLUS) {
    30cc:	00070813          	mv	a6,a4
            sign = '+';
    30d0:	00f12a23          	sw	a5,20(sp)
    30d4:	fc5ff06f          	j	3098 <vfmt.constprop.0+0xd44>
            if (!(flags & FL_LEFT)) {
    30d8:	c00b94e3          	bnez	s7,2ce0 <vfmt.constprop.0+0x98c>
    while (n-- > 0) {
    30dc:	ad5056e3          	blez	s5,2ba8 <vfmt.constprop.0+0x854>
    30e0:	fffa8b93          	addi	s7,s5,-1
    30e4:	00000c93          	li	s9,0
    30e8:	e55ff06f          	j	2f3c <vfmt.constprop.0+0xbe8>
    30ec:	00003cb7          	lui	s9,0x3
    30f0:	4c8c8c93          	addi	s9,s9,1224 # 34c8 <uart_putc+0x2f4>
    30f4:	00000793          	li	a5,0
    30f8:	8d1ff06f          	j	29c8 <vfmt.constprop.0+0x674>

000030fc <printf>:

/* ---------------------------------------------------------------------- */
/* public entry points                                                     */
/* ---------------------------------------------------------------------- */
int printf(const char* fmt, ...)
{
    30fc:	fc010113          	addi	sp,sp,-64

    s.buf = 0;
    s.cap = 0;
    s.len = 0;

    va_start(ap, fmt);
    3100:	02410313          	addi	t1,sp,36
{
    3104:	02b12223          	sw	a1,36(sp)
    3108:	02c12423          	sw	a2,40(sp)
    r = vfmt(&s, fmt, ap);
    310c:	00050593          	mv	a1,a0
    3110:	00030613          	mv	a2,t1
    3114:	00410513          	addi	a0,sp,4
{
    3118:	00112e23          	sw	ra,28(sp)
    311c:	02d12623          	sw	a3,44(sp)
    3120:	02e12823          	sw	a4,48(sp)
    3124:	02f12a23          	sw	a5,52(sp)
    3128:	03012c23          	sw	a6,56(sp)
    312c:	03112e23          	sw	a7,60(sp)
    s.buf = 0;
    3130:	00012223          	sw	zero,4(sp)
    s.cap = 0;
    3134:	00012423          	sw	zero,8(sp)
    s.len = 0;
    3138:	00012623          	sw	zero,12(sp)
    va_start(ap, fmt);
    313c:	00612023          	sw	t1,0(sp)
    r = vfmt(&s, fmt, ap);
    3140:	a14ff0ef          	jal	2354 <vfmt.constprop.0>
    va_end(ap);

    return r;
}
    3144:	01c12083          	lw	ra,28(sp)
    3148:	04010113          	addi	sp,sp,64
    314c:	00008067          	ret

00003150 <snprintf>:

int snprintf(char* buf, unsigned int size, const char* fmt, ...)
{
    3150:	fc010113          	addi	sp,sp,-64
    3154:	00060313          	mv	t1,a2
    3158:	00812c23          	sw	s0,24(sp)
    315c:	00912a23          	sw	s1,20(sp)

    s.buf = buf;
    s.cap = size;
    s.len = 0;

    va_start(ap, fmt);
    3160:	02c10613          	addi	a2,sp,44
{
    3164:	00050493          	mv	s1,a0
    3168:	00058413          	mv	s0,a1
    r = vfmt(&s, fmt, ap);
    316c:	00410513          	addi	a0,sp,4
    3170:	00030593          	mv	a1,t1
{
    3174:	02f12a23          	sw	a5,52(sp)
    3178:	00112e23          	sw	ra,28(sp)
    s.buf = buf;
    317c:	00912223          	sw	s1,4(sp)
    s.cap = size;
    3180:	00812423          	sw	s0,8(sp)
{
    3184:	02d12623          	sw	a3,44(sp)
    3188:	02e12823          	sw	a4,48(sp)
    318c:	03012c23          	sw	a6,56(sp)
    3190:	03112e23          	sw	a7,60(sp)
    r = vfmt(&s, fmt, ap);
    3194:	00012623          	sw	zero,12(sp)
    va_start(ap, fmt);
    3198:	00c12023          	sw	a2,0(sp)
    r = vfmt(&s, fmt, ap);
    319c:	9b8ff0ef          	jal	2354 <vfmt.constprop.0>
    31a0:	00c12783          	lw	a5,12(sp)
    va_end(ap);

    if (size) {
    31a4:	00040a63          	beqz	s0,31b8 <snprintf+0x68>
        buf[(s.len < size - 1) ? s.len : size - 1] = '\0';
    31a8:	fff40413          	addi	s0,s0,-1
    31ac:	0287e063          	bltu	a5,s0,31cc <snprintf+0x7c>
    31b0:	008484b3          	add	s1,s1,s0
    31b4:	00048023          	sb	zero,0(s1)
    }

    return r;
}
    31b8:	01c12083          	lw	ra,28(sp)
    31bc:	01812403          	lw	s0,24(sp)
    31c0:	01412483          	lw	s1,20(sp)
    31c4:	04010113          	addi	sp,sp,64
    31c8:	00008067          	ret
        buf[(s.len < size - 1) ? s.len : size - 1] = '\0';
    31cc:	00078413          	mv	s0,a5
    31d0:	fe1ff06f          	j	31b0 <snprintf+0x60>

000031d4 <uart_putc>:
    return *((volatile unsigned int*)addr);
    31d4:	80000737          	lui	a4,0x80000
    31d8:	00c70713          	addi	a4,a4,12 # 8000000c <_heap_end+0x3000000c>
    31dc:	00072783          	lw	a5,0(a4)

#define UART_BASE 0x8000000C   /* <-- your UART data register */

void uart_putc(char c)
{
    while (get_uart_fifo_full());
    31e0:	0017f793          	andi	a5,a5,1
    31e4:	fe079ce3          	bnez	a5,31dc <uart_putc+0x8>
    *((volatile unsigned int*)addr) = value;
    31e8:	00a72023          	sw	a0,0(a4)
    write_reg(UART_BASE, (int)(unsigned char)c);
}
    31ec:	00008067          	ret
    31f0:	0a0d                	.insn	2, 0x0a0d
    31f2:	3d3d                	.insn	2, 0x3d3d
    31f4:	3d3d                	.insn	2, 0x3d3d
    31f6:	7320                	.insn	2, 0x7320
    31f8:	6374666f          	jal	a2,4a02e <_stack_top+0x2a02e>
    31fc:	2065726f          	jal	tp,5a402 <_stack_top+0x3a402>
    3200:	6562                	.insn	2, 0x6562
    3202:	636e                	.insn	2, 0x636e
    3204:	6d68                	.insn	2, 0x6d68
    3206:	7261                	.insn	2, 0x7261
    3208:	202c736b          	.insn	4, 0x202c736b
    320c:	7525                	.insn	2, 0x7525
    320e:	4820                	.insn	2, 0x4820
    3210:	207a                	.insn	2, 0x207a
    3212:	3d3d                	.insn	2, 0x3d3d
    3214:	3d3d                	.insn	2, 0x3d3d
    3216:	0a0d                	.insn	2, 0x0a0d
    3218:	0000                	.insn	2, 0x0000
    321a:	0000                	.insn	2, 0x0000
    321c:	6974                	.insn	2, 0x6974
    321e:	656d                	.insn	2, 0x656d
    3220:	2072                	.insn	2, 0x2072
    3222:	6572                	.insn	2, 0x6572
    3224:	6461                	.insn	2, 0x6461
    3226:	6f20                	.insn	2, 0x6f20
    3228:	6576                	.insn	2, 0x6576
    322a:	6872                	.insn	2, 0x6872
    322c:	6165                	.insn	2, 0x6165
    322e:	3a64                	.insn	2, 0x3a64
    3230:	2520                	.insn	2, 0x2520
    3232:	2075                	.insn	2, 0x2075
    3234:	6c637963          	bgeu	t1,t1,3906 <bram_buf+0x332>
    3238:	7365                	.insn	2, 0x7365
    323a:	0a0d                	.insn	2, 0x0a0d
    323c:	0a0d                	.insn	2, 0x0a0d
    323e:	0000                	.insn	2, 0x0000
    3240:	4e524157          	.insn	4, 0x4e524157
    3244:	4e49                	.insn	2, 0x4e49
    3246:	44203a47          	.insn	4, 0x44203a47
    324a:	5244                	.insn	2, 0x5244
    324c:	6120                	.insn	2, 0x6120
    324e:	6c6c                	.insn	2, 0x6c6c
    3250:	6620636f          	jal	t1,98b2 <nblocks+0x56d2>
    3254:	6961                	.insn	2, 0x6961
    3256:	656c                	.insn	2, 0x656c
    3258:	0d64                	.insn	2, 0x0d64
    325a:	000a                	.insn	2, 0x000a
    325c:	4c41                	.insn	2, 0x4c41
    325e:	2055                	.insn	2, 0x2055
    3260:	6e61                	.insn	2, 0x6e61
    3262:	2064                	.insn	2, 0x2064
    3264:	746e6f63          	bltu	t3,t1,39c2 <bram_buf+0x3ee>
    3268:	6f72                	.insn	2, 0x6f72
    326a:	206c                	.insn	2, 0x206c
    326c:	6c66                	.insn	2, 0x6c66
    326e:	0a0d776f          	jal	a4,da30e <_stack_top+0xba30e>
    3272:	0000                	.insn	2, 0x0000
    3274:	6564                	.insn	2, 0x6564
    3276:	6570                	.insn	2, 0x6570
    3278:	646e                	.insn	2, 0x646e
    327a:	6e65                	.insn	2, 0x6e65
    327c:	2074                	.insn	2, 0x2074
    327e:	6461                	.insn	2, 0x6461
    3280:	6964                	.insn	2, 0x6964
    3282:	0000                	.insn	2, 0x0000
    3284:	2020                	.insn	2, 0x2020
    3286:	2d25                	.insn	2, 0x2d25
    3288:	3632                	.insn	2, 0x3632
    328a:	38252073          	.insn	4, 0x38252073
    328e:	2075                	.insn	2, 0x2075
    3290:	20637963          	bgeu	t1,t1,34a2 <uart_putc+0x2ce>
    3294:	2520                	.insn	2, 0x2520
    3296:	6f207537          	lui	a0,0x6f207
    329a:	7370                	.insn	2, 0x7370
    329c:	2020                	.insn	2, 0x2020
    329e:	3325                	.insn	2, 0x3325
    32a0:	2e75                	.insn	2, 0x2e75
    32a2:	3025                	.insn	2, 0x3025
    32a4:	7532                	.insn	2, 0x7532
    32a6:	6320                	.insn	2, 0x6320
    32a8:	6379                	.insn	2, 0x6379
    32aa:	0d706f2f          	.insn	4, 0x0d706f2f
    32ae:	000a                	.insn	2, 0x000a
    32b0:	6e69                	.insn	2, 0x6e69
    32b2:	6564                	.insn	2, 0x6564
    32b4:	6570                	.insn	2, 0x6570
    32b6:	646e                	.insn	2, 0x646e
    32b8:	6e65                	.insn	2, 0x6e65
    32ba:	2074                	.insn	2, 0x2074
    32bc:	6461                	.insn	2, 0x6461
    32be:	6964                	.insn	2, 0x6964
    32c0:	7820                	.insn	2, 0x7820
    32c2:	0034                	.insn	2, 0x0034
    32c4:	6f78                	.insn	2, 0x6f78
    32c6:	0072                	.insn	2, 0x0072
    32c8:	006c6c73          	.insn	4, 0x006c6c73
    32cc:	00746c73          	.insn	4, 0x00746c73
    32d0:	7262                	.insn	2, 0x7262
    32d2:	6e61                	.insn	2, 0x6e61
    32d4:	73656863          	bltu	a0,s6,3a04 <bram_buf+0x430>
    32d8:	0a0d                	.insn	2, 0x0a0d
    32da:	0000                	.insn	2, 0x0000
    32dc:	7262                	.insn	2, 0x7262
    32de:	6e61                	.insn	2, 0x6e61
    32e0:	6e206863          	bltu	zero,sp,39d0 <bram_buf+0x3fc>
    32e4:	7420746f          	jal	s0,aa26 <nblocks+0x6846>
    32e8:	6b61                	.insn	2, 0x6b61
    32ea:	6e65                	.insn	2, 0x6e65
    32ec:	0000                	.insn	2, 0x0000
    32ee:	0000                	.insn	2, 0x0000
    32f0:	7262                	.insn	2, 0x7262
    32f2:	6e61                	.insn	2, 0x6e61
    32f4:	74206863          	bltu	zero,sp,3a44 <bram_buf+0x470>
    32f8:	6b61                	.insn	2, 0x6b61
    32fa:	6e65                	.insn	2, 0x6e65
    32fc:	0000                	.insn	2, 0x0000
    32fe:	0000                	.insn	2, 0x0000
    3300:	5652                	.insn	2, 0x5652
    3302:	0d4d3233          	.insn	4, 0x0d4d3233
    3306:	000a                	.insn	2, 0x000a
    3308:	756d                	.insn	2, 0x756d
    330a:	006c                	.insn	2, 0x006c
    330c:	6964                	.insn	2, 0x6964
    330e:	0076                	.insn	2, 0x0076
    3310:	6572                	.insn	2, 0x6572
    3312:	006d                	.insn	2, 0x006d
    3314:	5242                	.insn	2, 0x5242
    3316:	4d41                	.insn	2, 0x4d41
    3318:	6d20                	.insn	2, 0x6d20
    331a:	6d65                	.insn	2, 0x6d65
    331c:	0d79726f          	jal	tp,9abf2 <_stack_top+0x7abf2>
    3320:	000a                	.insn	2, 0x000a
    3322:	0000                	.insn	2, 0x0000
    3324:	776c                	.insn	2, 0x776c
    3326:	7320                	.insn	2, 0x7320
    3328:	6d61                	.insn	2, 0x6d61
    332a:	2065                	.insn	2, 0x2065
    332c:	6461                	.insn	2, 0x6461
    332e:	7264                	.insn	2, 0x7264
    3330:	7365                	.insn	2, 0x7365
    3332:	77730073          	.insn	4, 0x77730073
    3336:	7320                	.insn	2, 0x7320
    3338:	6d61                	.insn	2, 0x6d61
    333a:	2065                	.insn	2, 0x2065
    333c:	6461                	.insn	2, 0x6461
    333e:	7264                	.insn	2, 0x7264
    3340:	7365                	.insn	2, 0x7365
    3342:	656d0073          	.insn	4, 0x656d0073
    3346:	6f6d                	.insn	2, 0x6f6d
    3348:	7972                	.insn	2, 0x7972
    334a:	7020                	.insn	2, 0x7020
    334c:	7461                	.insn	2, 0x7461
    334e:	6574                	.insn	2, 0x6574
    3350:	6e72                	.insn	2, 0x6e72
    3352:	25282073          	.insn	4, 0x25282073
    3356:	2075                	.insn	2, 0x2075
    3358:	7720424b          	.insn	4, 0x7720424b
    335c:	696b726f          	jal	tp,ba9f2 <_stack_top+0x9a9f2>
    3360:	676e                	.insn	2, 0x676e
    3362:	7320                	.insn	2, 0x7320
    3364:	7465                	.insn	2, 0x7465
    3366:	0d29                	.insn	2, 0x0d29
    3368:	000a                	.insn	2, 0x000a
    336a:	0000                	.insn	2, 0x0000
    336c:	5242                	.insn	2, 0x5242
    336e:	4d41                	.insn	2, 0x4d41
    3370:	7320                	.insn	2, 0x7320
    3372:	7165                	.insn	2, 0x7165
    3374:	7220                	.insn	2, 0x7220
    3376:	6165                	.insn	2, 0x6165
    3378:	0064                	.insn	2, 0x0064
    337a:	0000                	.insn	2, 0x0000
    337c:	5242                	.insn	2, 0x5242
    337e:	4d41                	.insn	2, 0x4d41
    3380:	7320                	.insn	2, 0x7320
    3382:	7165                	.insn	2, 0x7165
    3384:	7720                	.insn	2, 0x7720
    3386:	6972                	.insn	2, 0x6972
    3388:	6574                	.insn	2, 0x6574
    338a:	0000                	.insn	2, 0x0000
    338c:	2020                	.insn	2, 0x2020
    338e:	6e28                	.insn	2, 0x6e28
    3390:	4444206f          	j	457d4 <_stack_top+0x257d4>
    3394:	2052                	.insn	2, 0x2052
    3396:	7562                	.insn	2, 0x7562
    3398:	6666                	.insn	2, 0x6666
    339a:	7265                	.insn	2, 0x7265
    339c:	202c                	.insn	2, 0x202c
    339e:	70696b73          	.insn	4, 0x70696b73
    33a2:	6970                	.insn	2, 0x6970
    33a4:	676e                	.insn	2, 0x676e
    33a6:	4420                	.insn	2, 0x4420
    33a8:	5244                	.insn	2, 0x5244
    33aa:	7420                	.insn	2, 0x7420
    33ac:	7365                	.insn	2, 0x7365
    33ae:	7374                	.insn	2, 0x7374
    33b0:	0d29                	.insn	2, 0x0d29
    33b2:	000a                	.insn	2, 0x000a
    33b4:	4444                	.insn	2, 0x4444
    33b6:	2052                	.insn	2, 0x2052
    33b8:	20716573          	.insn	4, 0x20716573
    33bc:	74697277          	.insn	4, 0x74697277
    33c0:	0065                	.insn	2, 0x0065
    33c2:	0000                	.insn	2, 0x0000
    33c4:	2020                	.insn	2, 0x2020
    33c6:	2d25                	.insn	2, 0x2d25
    33c8:	3632                	.insn	2, 0x3632
    33ca:	38252073          	.insn	4, 0x38252073
    33ce:	2075                	.insn	2, 0x2075
    33d0:	20637963          	bgeu	t1,t1,35e2 <bram_buf+0xe>
    33d4:	2520                	.insn	2, 0x2520
    33d6:	42207537          	lui	a0,0x42207
    33da:	2020                	.insn	2, 0x2020
    33dc:	2520                	.insn	2, 0x2520
    33de:	7535                	.insn	2, 0x7535
    33e0:	4d20                	.insn	2, 0x4d20
    33e2:	2f42                	.insn	2, 0x2f42
    33e4:	000a0d73          	.insn	4, 0x000a0d73
    33e8:	4444                	.insn	2, 0x4444
    33ea:	2052                	.insn	2, 0x2052
    33ec:	20716573          	.insn	4, 0x20716573
    33f0:	6572                	.insn	2, 0x6572
    33f2:	6461                	.insn	2, 0x6461
    33f4:	0000                	.insn	2, 0x0000
    33f6:	0000                	.insn	2, 0x0000
    33f8:	4444                	.insn	2, 0x4444
    33fa:	2052                	.insn	2, 0x2052
    33fc:	696d                	.insn	2, 0x696d
    33fe:	72207373          	.insn	4, 0x72207373
    3402:	6165                	.insn	2, 0x6165
    3404:	2064                	.insn	2, 0x2064
    3406:	3628                	.insn	2, 0x3628
    3408:	4234                	.insn	2, 0x4234
    340a:	7320                	.insn	2, 0x7320
    340c:	7274                	.insn	2, 0x7274
    340e:	6469                	.insn	2, 0x6469
    3410:	2965                	.insn	2, 0x2965
    3412:	0000                	.insn	2, 0x0000
    3414:	4444                	.insn	2, 0x4444
    3416:	2052                	.insn	2, 0x2052
    3418:	6572                	.insn	2, 0x6572
    341a:	6461                	.insn	2, 0x6461
    341c:	6d2d                	.insn	2, 0x6d2d
    341e:	6669646f          	jal	s0,99a84 <_stack_top+0x79a84>
    3422:	2d79                	.insn	2, 0x2d79
    3424:	74697277          	.insn	4, 0x74697277
    3428:	0065                	.insn	2, 0x0065
    342a:	0000                	.insn	2, 0x0000
    342c:	69706f63          	bltu	zero,s7,3aca <bram_buf+0x4f6>
    3430:	7365                	.insn	2, 0x7365
    3432:	0a0d                	.insn	2, 0x0a0d
    3434:	0000                	.insn	2, 0x0000
    3436:	0000                	.insn	2, 0x0000
    3438:	5242                	.insn	2, 0x5242
    343a:	4d41                	.insn	2, 0x4d41
    343c:	2d20                	.insn	2, 0x2d20
    343e:	203e                	.insn	2, 0x203e
    3440:	5242                	.insn	2, 0x5242
    3442:	4d41                	.insn	2, 0x4d41
    3444:	0000                	.insn	2, 0x0000
    3446:	0000                	.insn	2, 0x0000
    3448:	5242                	.insn	2, 0x5242
    344a:	4d41                	.insn	2, 0x4d41
    344c:	2d20                	.insn	2, 0x2d20
    344e:	203e                	.insn	2, 0x203e
    3450:	4444                	.insn	2, 0x4444
    3452:	0052                	.insn	2, 0x0052
    3454:	4444                	.insn	2, 0x4444
    3456:	2052                	.insn	2, 0x2052
    3458:	3e2d                	.insn	2, 0x3e2d
    345a:	4220                	.insn	2, 0x4220
    345c:	4152                	.insn	2, 0x4152
    345e:	004d                	.insn	2, 0x004d
    3460:	4444                	.insn	2, 0x4444
    3462:	2052                	.insn	2, 0x2052
    3464:	3e2d                	.insn	2, 0x3e2d
    3466:	4420                	.insn	2, 0x4420
    3468:	5244                	.insn	2, 0x5244
    346a:	0000                	.insn	2, 0x0000
    346c:	6b726f77          	.insn	4, 0x6b726f77
    3470:	6f6c                	.insn	2, 0x6f6c
    3472:	6461                	.insn	2, 0x6461
    3474:	000a0d73          	.insn	4, 0x000a0d73
    3478:	6966                	.insn	2, 0x6966
    347a:	2862                	.insn	2, 0x2862
    347c:	3831                	.insn	2, 0x3831
    347e:	2029                	.insn	2, 0x2029
    3480:	6570                	.insn	2, 0x6570
    3482:	2072                	.insn	2, 0x2072
    3484:	6c6c6163          	bltu	s8,t1,3b46 <bram_buf+0x572>
    3488:	0000                	.insn	2, 0x0000
    348a:	0000                	.insn	2, 0x0000
    348c:	6261                	.insn	2, 0x6261
    348e:	64250063          	beq	a0,sp,3ace <bram_buf+0x4fa>
    3492:	2520                	.insn	2, 0x2520
    3494:	2078                	.insn	2, 0x2078
    3496:	7325                	.insn	2, 0x7325
    3498:	0000                	.insn	2, 0x0000
    349a:	0000                	.insn	2, 0x0000
    349c:	72706e73          	.insn	4, 0x72706e73
    34a0:	6e69                	.insn	2, 0x6e69
    34a2:	6674                	.insn	2, 0x6674
    34a4:	0000                	.insn	2, 0x0000
    34a6:	0000                	.insn	2, 0x0000
    34a8:	616d                	.insn	2, 0x616d
    34aa:	6c6c                	.insn	2, 0x6c6c
    34ac:	2b20636f          	jal	t1,975e <nblocks+0x557e>
    34b0:	6620                	.insn	2, 0x6620
    34b2:	6572                	.insn	2, 0x6572
    34b4:	0065                	.insn	2, 0x0065
    34b6:	0000                	.insn	2, 0x0000
    34b8:	3d3d                	.insn	2, 0x3d3d
    34ba:	3d3d                	.insn	2, 0x3d3d
    34bc:	6420                	.insn	2, 0x6420
    34be:	20656e6f          	jal	t3,596c4 <_stack_top+0x396c4>
    34c2:	3d3d                	.insn	2, 0x3d3d
    34c4:	3d3d                	.insn	2, 0x3d3d
    34c6:	0a0d                	.insn	2, 0x0a0d
    34c8:	0000                	.insn	2, 0x0000
    34ca:	0000                	.insn	2, 0x0000
    34cc:	6e28                	.insn	2, 0x6e28
    34ce:	6c75                	.insn	2, 0x6c75
    34d0:	296c                	.insn	2, 0x296c
    34d2:	0000                	.insn	2, 0x0000
    34d4:	5830                	.insn	2, 0x5830
    34d6:	0000                	.insn	2, 0x0000
    34d8:	6230                	.insn	2, 0x6230
    34da:	0000                	.insn	2, 0x0000
    34dc:	0030                	.insn	2, 0x0030
    34de:	0000                	.insn	2, 0x0000
    34e0:	7830                	.insn	2, 0x7830
    34e2:	0000                	.insn	2, 0x0000
    34e4:	3130                	.insn	2, 0x3130
    34e6:	3332                	.insn	2, 0x3332
    34e8:	3534                	.insn	2, 0x3534
    34ea:	3736                	.insn	2, 0x3736
    34ec:	3938                	.insn	2, 0x3938
    34ee:	6261                	.insn	2, 0x6261
    34f0:	66656463          	bltu	a0,t1,3b58 <bram_buf+0x584>
    34f4:	0000                	.insn	2, 0x0000
    34f6:	0000                	.insn	2, 0x0000
    34f8:	3130                	.insn	2, 0x3130
    34fa:	3332                	.insn	2, 0x3332
    34fc:	3534                	.insn	2, 0x3534
    34fe:	3736                	.insn	2, 0x3736
    3500:	3938                	.insn	2, 0x3938
    3502:	4241                	.insn	2, 0x4241
    3504:	46454443          	.insn	4, 0x46454443
    3508:	0000                	.insn	2, 0x0000
    350a:	0000                	.insn	2, 0x0000
    350c:	249c                	.insn	2, 0x249c
    350e:	0000                	.insn	2, 0x0000
    3510:	23f4                	.insn	2, 0x23f4
    3512:	0000                	.insn	2, 0x0000
    3514:	23f4                	.insn	2, 0x23f4
    3516:	0000                	.insn	2, 0x0000
    3518:	2494                	.insn	2, 0x2494
    351a:	0000                	.insn	2, 0x0000
    351c:	23f4                	.insn	2, 0x23f4
    351e:	0000                	.insn	2, 0x0000
    3520:	23f4                	.insn	2, 0x23f4
    3522:	0000                	.insn	2, 0x0000
    3524:	23f4                	.insn	2, 0x23f4
    3526:	0000                	.insn	2, 0x0000
    3528:	23f4                	.insn	2, 0x23f4
    352a:	0000                	.insn	2, 0x0000
    352c:	23f4                	.insn	2, 0x23f4
    352e:	0000                	.insn	2, 0x0000
    3530:	23f4                	.insn	2, 0x23f4
    3532:	0000                	.insn	2, 0x0000
    3534:	23f4                	.insn	2, 0x23f4
    3536:	0000                	.insn	2, 0x0000
    3538:	248c                	.insn	2, 0x248c
    353a:	0000                	.insn	2, 0x0000
    353c:	23f4                	.insn	2, 0x23f4
    353e:	0000                	.insn	2, 0x0000
    3540:	2484                	.insn	2, 0x2484
    3542:	0000                	.insn	2, 0x0000
    3544:	23f4                	.insn	2, 0x23f4
    3546:	0000                	.insn	2, 0x0000
    3548:	23f4                	.insn	2, 0x23f4
    354a:	0000                	.insn	2, 0x0000
    354c:	2474                	.insn	2, 0x2474
    354e:	0000                	.insn	2, 0x0000
    3550:	2ae4                	.insn	2, 0x2ae4
    3552:	0000                	.insn	2, 0x0000
    3554:	2550                	.insn	2, 0x2550
    3556:	0000                	.insn	2, 0x0000
    3558:	2550                	.insn	2, 0x2550
    355a:	0000                	.insn	2, 0x0000
    355c:	2550                	.insn	2, 0x2550
    355e:	0000                	.insn	2, 0x0000
    3560:	2550                	.insn	2, 0x2550
    3562:	0000                	.insn	2, 0x0000
    3564:	2550                	.insn	2, 0x2550
    3566:	0000                	.insn	2, 0x0000
    3568:	2550                	.insn	2, 0x2550
    356a:	0000                	.insn	2, 0x0000
    356c:	2550                	.insn	2, 0x2550
    356e:	0000                	.insn	2, 0x0000
    3570:	2550                	.insn	2, 0x2550
    3572:	0000                	.insn	2, 0x0000
    3574:	2550                	.insn	2, 0x2550
    3576:	0000                	.insn	2, 0x0000
    3578:	2914                	.insn	2, 0x2914
    357a:	0000                	.insn	2, 0x0000
    357c:	2938                	.insn	2, 0x2938
    357e:	0000                	.insn	2, 0x0000
    3580:	2674                	.insn	2, 0x2674
    3582:	0000                	.insn	2, 0x0000
    3584:	2550                	.insn	2, 0x2550
    3586:	0000                	.insn	2, 0x0000
    3588:	2550                	.insn	2, 0x2550
    358a:	0000                	.insn	2, 0x0000
    358c:	2550                	.insn	2, 0x2550
    358e:	0000                	.insn	2, 0x0000
    3590:	2550                	.insn	2, 0x2550
    3592:	0000                	.insn	2, 0x0000
    3594:	2674                	.insn	2, 0x2674
    3596:	0000                	.insn	2, 0x0000
    3598:	2550                	.insn	2, 0x2550
    359a:	0000                	.insn	2, 0x0000
    359c:	2550                	.insn	2, 0x2550
    359e:	0000                	.insn	2, 0x0000
    35a0:	2550                	.insn	2, 0x2550
    35a2:	0000                	.insn	2, 0x0000
    35a4:	2550                	.insn	2, 0x2550
    35a6:	0000                	.insn	2, 0x0000
    35a8:	2550                	.insn	2, 0x2550
    35aa:	0000                	.insn	2, 0x0000
    35ac:	2bb0                	.insn	2, 0x2bb0
    35ae:	0000                	.insn	2, 0x0000
    35b0:	2974                	.insn	2, 0x2974
    35b2:	0000                	.insn	2, 0x0000
    35b4:	2550                	.insn	2, 0x2550
    35b6:	0000                	.insn	2, 0x0000
    35b8:	2550                	.insn	2, 0x2550
    35ba:	0000                	.insn	2, 0x0000
    35bc:	2b10                	.insn	2, 0x2b10
    35be:	0000                	.insn	2, 0x0000
    35c0:	2550                	.insn	2, 0x2550
    35c2:	0000                	.insn	2, 0x0000
    35c4:	2900                	.insn	2, 0x2900
    35c6:	0000                	.insn	2, 0x0000
    35c8:	2550                	.insn	2, 0x2550
    35ca:	0000                	.insn	2, 0x0000
    35cc:	2550                	.insn	2, 0x2550
    35ce:	0000                	.insn	2, 0x0000
    35d0:	28d4                	.insn	2, 0x28d4
	...
